Item,A1,B1,A2,B2,A3,B3,A4,B4,A5,B5,A6,B6,A7,B7,A8,B8,A9,B9,A10,B10,A11,B11,A12,B12,A13,B13,A14,B14,A15,B15,A16,B16,A17,B17,A18,B18
1ab,5,5,5,5,2,2,6,5,4,4,1,1,4,2.5,5,4,3,3.75,5,4,3,3,3,4,1.5,1.5,3,1.5,4,3,2,2,6,6,19,19
1ab,2.5,2.5,3,1.5,3,2,6,6,3.5,4,1,1,2,2,6,5,4,4,4,2,6,4,5,5,2,2,2.5,2.5,3,2,1,1,4.5,4.5,17,17
1ab,5,5,4,4.5,2,1.5,2,2,4,4,0,0,0,0,3,2,1,2,4,3.5,4,3.5,0,1,2,1.5,3,3,0,1,0,0,2,0,11,11
1ab,5,5,2.5,2.5,2,1,3,2,4,3,2,2,0,0,3,1,2.5,2.5,1,1,2,3,0,0,2,2,2,2,1.5,1.5,0,0,0,0,8,8
1ab,1.5,2,0,1,1,0.5,0,1,2,1,0,0.5,0,0,3,1.5,0,0,1,1,0,0,0,0,0.5,0,0,1,0,0,0,0,0,0,13,13
1ab,0,0,2,1,3,1.5,0,0,2,1.5,0,0,0,0,0,3,3.5,4,4,3,2,1,0,0,2,2,3,1.5,5,5,0,0,4.5,4.5,14,14
1ab,5,5,5,5,3,3,5,7,3,2,0,1,2,3,7,5,4,3.5,4,2,4,3,4,5,2,2,1.5,1.5,4,4,2,2,4.5,4.5,16,16
1ab,5,5,5,5,2,2,6,7,3,3,1,1,2,2,6,3,4,4,5,4,5,5,5,4,2,2,3,3,7,5,0,0,6,6,19,19
1ab,5,5,5,5,3,3,3,5,4,4,2,2,5,3,8,7,4,4,4,4,6,6,3,5,2,2,3,3,4,3,1,2,6,6,19,19
1ab,5,5,3.5,4,2,2,0,0,2,3,0,1,1.5,2,6,6,3,3,3,2,1,2,2,2,1.5,1.5,2.5,3,3,3,0,1,4.5,4.5,17,17
1ab,2.5,2.5,3,3,0,1,0,0,3,3,0.5,1,1,2,3,0.5,3.5,3.5,1,1,1,2,0,0.5,2,1.75,3,1,1,1,0,0,0,0,10,10
1ab,4,4.5,2.5,3,3,3,0,0,4,3,1,1,3,4,6,6,1.5,3,3,4,1.5,4,0,0.25,2,2,3,3,1,1,0,0.5,3,3,14,14
1ab,4.5,5,3,2,3,2.5,0,0,3.5,3,0,0,0,0,4,1,4,4,3,4,3.5,4,3,2,2,2,2.5,1.5,0,0,0,0,2,3,13,13
1ab,4.5,4.5,4,4.5,3,3,4,5,3,1,0,0.5,2,5,7,5,4,4,5,4,3,4,2,2,2,2,3,3,4,5,0,1,4.5,4.5,20,20
1ab,3.5,3.5,3,3.5,3,2.5,0,0,2,1,0,0.5,0,0,6,4,2.5,2.5,1,1,1,3,0,0,1.5,1.5,3,3,2,2,0,0,4.5,4.5,16,16
1ab,4.5,4.5,4,4.5,2.5,2,1,3,4,3.5,0,1,4,3,5,4,3.5,4,2,2,1,1.5,2,1,2,2,3,3,1,1,0,0.5,6,6,17,17
1ac,0.5,0.5,0,0,3,2.5,0.5,0.5,0,0,0,0.5,4,4,3,3,2.5,2.5,5,2,1.5,1,0,0,1.5,1.5,1.5,1.5,0,2,0,0,0,0,14,14
1ac,4,4,4,5,3,3,1,2,3.5,3.5,0,0,2.5,2,5,3,3,4,4,3,5,5,0,0,1.5,1.5,3,3,2,2,1,1,6,6,18,18
1ac,5,5,4,5,3,3,0,0,4,3.5,0,0.5,0,0,4,4,0.5,1,3.5,2.5,2,3,1,2,2,1.5,3,3,4,2,0,0,0,0,15,15
1ac,4,4,4,4,3,3,1,0,1.5,3.5,0,0,2,2,4,4,0,0,2.5,1.5,1,2,0,0,1,1,1.5,1.5,1.5,1,0,0,6,6,11,11
1ac,0,0,0,0,0,0,0,0,0,0,0,0,0,0,0,0,0,0,0,0,0,0,0,0,0,0,0,0,0,0,0,0,0,0,0,0
1ac,5,5,4,1,2,3,0.5,0,4,3.5,1,1,3,4,5,5,3,3,4,3,2,5,2,2.5,2,2,1.5,1.5,1.5,1,0,1,5,4.5,16,16
1ac,2.5,2.5,0,0,3,2,0,0,0,0,0,0,1.5,2,0,0.5,0,0,0,0,0,0,0,0,0.5,0.5,0,0,0,0,0,0,0,0,9,9
1ac,0,0,0,0,2.5,3,0,0,0,0,0,0,0,0,0,0,0,0,3,2,4,3,1,0,0,0,0,0,0,0,0,0,0,0,9,9
1ac,4.5,4.5,3,3,1.5,2,1,0,2,2,0,0,0,0,0,0,0,0,1,1,0,0,0,0,2,1.5,3,1.5,0,0,0,0,0,0,10,10
1ac,4.5,4.5,5,4,2,2,2,1,3.5,3,1,1,0,0,4,4,3,3,5,3,4,4,2.5,3,2,2,3,1.5,2,1,0,0,4.5,4.5,15,15
1ac,0,0,0,0,1,1.5,1,2,0,1.5,0,0,0,0,6,5,1.5,1.5,2.5,1.5,3,3,0,0,1.5,1.5,0.5,1.5,0,0,0,0,0,0,15,15
1ac,4,4,4,4,3,3,2,2,4,3.5,0,1,0,1,5,5,0,0,2,2.5,2,1.5,2,3,2,2,0,0,5,5,0,0,6,6,12,12
1ac,5,5,4,4,3,3,5,5,4,3.5,0,0.5,2.5,2,5,5,4,4,5,4,6,5,2,3,2,2,3,3,3,4,0,0,6,6,13,13
1ac,5,5,5,5,3,3,1,0,3.5,4,0,0,4,6,8,7,4,4,5,4,5,6,2,2,2,2,1.5,3,6,4,0,0,4.5,4.5,17,17
1ac,2.5,3,0,0,1,1,0,0,0,1,0,0,0,0,0,2,0,0,0.5,1,0,1,0,1,2,2,0,0,0,0,0,0,3,1,11,12
1ad,4,4,3,5,2.5,3,3,4,3,4,0,0,4,3,8,8,3.5,4,4,3,3,6,4,3,2,2,1.5,1.5,3,2,1.5,2,4.5,4.5,15,15
1ad,4.5,4.5,5,5,3,3,5,4,3.5,4,1,0,6,3,6,6,2,2,5,5,4,2,2,2,1.5,1.5,1.5,1.5,5,5,2,2,3,3,17,17
1ad,4,5,3,5,2,0,0,0,0.5,0,0,0,0,0,4.5,4,4,4,3,3,4,2,0,,2,2,3,3,3,6,0,"",4.5,4.5,12,12
1ad,2.5,3,3.5,4,2.5,2,1,0,3.5,2.5,0,0,1,0,6,8,2.5,3,3,3,2,0,1.5,0,2,2,3,3,3,5,0,0,6,6,16,16
1ad,5,5,4.5,4.5,3,3,0,0,4,4,1,1,3,3,6,6,2,3,5,4,0.5,0.5,0,0,1.5,1,2,3,0,0,0,0,1,0,13,13
1ad,4.5,4.5,1,0,2,1,0,0,2,4,1,1.5,0.5,2,5,4,3,4,5,2,4,3,3,4,1,1,0,0,2,1,0,0,1,1,14,14
1ad,5,5,5,5,3,3,5,7,4,4,0,0,4,3,6,6,3.5,3,5,2,4,4,4,5,2,2,1.5,2,7,7,2,2,6,6,20,20
1ad,4.5,5,5,4.5,3,3,2,0,3.5,4,0,0,1,0.5,6,4,4,4,0.5,1,3,6,0,0,2,2,1.5,3,3,3,0.5,"",6,6,16,16
1ad,5,5,5,5,2.5,3,5,4,4,4,1,1,6,4,7,6,4,4,4,2.5,3,5,5,5,2,2,3,3,6,6,2,2,6,6,19,19
1ad,5,5,4,5,1.5,3,5,3,3,4,1,1,4,3,3,4,4,4,3.5,2,6,3,2.5,2.5,2,2,3,3,6,4,1,1,4.5,6,13,13
1ad,1.5,1,0,0,0,0,0,0,0,1,0.5,0,0,0,0,0,0,1,1,0.5,0,0,0,0,0.5,1,0,0,0,0,0,0,0,0,7,7
1ad,1,2,0,0,1,0,1,0,4,2,0,0,0,0,4,2,0,0,3,1,2,0,0,0,2,2,2,2,2,0,2,1,1.5,0,11,11
1ad,4.5,4.5,5,4.5,3,3,2,0,4,4,1.5,1,5,4,8,8,3,3,5,5,5,3,3.5,5,2,2,3,3,3,1,0.5,0.5,6,6,17,17
1ad,2.5,3,0,0,2.5,3,0,0,4,2.5,0,0,2,3,0,0,0,0,0,0,0,0,0,0,2,2,3,2,0,0,0,0,0,0,15,15
1ad,5,5,0,,3,3,0,,4,3.5,0,,0,,5,7,3.5,4,4,2,2,3,3,5,2,2,1.5,3,0,,0,"",0,,13,13
1ad,5,5,4.5,5,3,3,7,3,3.5,2.5,0,,6,3,3,3,4,4,4,2,2,3,0.5,2,2,2,2,3,3,2,0,"",6,4,16,16
1ae,5,4.5,4.5,4.5,3,3,5.5,5,4,3.5,1,2,5.5,4,7,5,2.5,1.5,2,0,2.5,2,2,1,2,1.5,1.5,1.5,2,2,0,0,6,6,18,18
1ae,4.5,4.5,4,4,3,3,7,6,4,4,1,1,4,3,6,6,4,4,5,5,5.5,5,4.5,4,2,1.5,3,3,7,7,2,2,6,6,19,19
1ae,3.5,4,1.5,2,1.5,2,0,0,4,3,0,1,0,0,5.5,4,1.5,2,4,3,5,5,2,3,1.5,1.5,1,1,4,2,0,0,0,0,0,0
1ae,4.5,4.5,3,4,3,3,0,1.5,4,3.5,1.5,2,2,3,3.5,3,3.5,4,4,5,2.5,5,0,0,2,2,3,1,3,3,0,0,0,0,17,17
1ae,4,4.5,3,4.5,1.5,1,6,5,4,3,1,1,5,3,6,5.5,4,4,3.5,3.5,4.5,5,4.5,3,2,2,3,2,2,1,0,0,0,0,14,14
1ae,0.5,0.5,0,0,2,1,0,1,1.5,1.5,0,0,2,2,3,3,0,0,2,2,3,1.5,0,1,2,2,2.5,1.5,0.5,0,0,0,0,0,9,9
1ae,5,5,3,3.5,3,3,0,0,1.5,2,0,0.5,0,0,6,4,0,0,0,1,0,0,0,0,2,2,1.5,1.5,0.5,0,0,0,0,1,11,12
1ae,3.5,3.5,0,0,0.5,1.5,0,0,2,2,0,0,2,0,0,1,0,0,1,1,0,0.5,0,0,0.5,0.75,0,0,0,0,0,0,0,0,9,9
1ae,4.5,4,4,5,3,3,1,2,2,2.5,0,0,6,4.5,6,3,3,3,1,1,1.5,1,0,1.5,2,1.5,3,3,3,2.5,2,2,1.5,1,16,16
1ae,3.5,4,4,4,3,3,4,4.5,4,4,1.5,1.5,6,5,7,5.5,4,4,5,4.5,5,5,5,4.5,2,2,3,3,7,7,2,2,6,6,20,19
1ae,4,4,2.5,3.5,0,0,1,0,3.5,3.5,0,1,0,0,6,4.5,0.5,1,1,0.5,1.5,0,0,0,2,2,3,2,1,0,0,0,0,1,15,15
1ae,1,1,0,0,2.5,3,0,0,1,2,0,0,0,0,2,5,0.5,0,0.5,0,0,0,0,1,0,0,0,0,0,0,0,0,0,0,7,7
1ae,4,4,2,3.5,2,2,1,2,2,2,0,1,0,1.5,5,4,3,3,1.5,1.5,1,1.5,0,0,2,2,1.5,1.5,0.5,0.5,0,0,5,4.5,15,15
1ae,3.5,3.5,2.5,3,0,1,1,2.5,3.5,3,1,1,1,2,4,4,1.5,1.5,5,5,0,1.5,0,0,2,2,3,3,0,0,0,1,4.5,4,15,15
1ae,4.5,4.5,3.5,4,3,3,3,3,0,1.5,0,0,3,1.5,7,5,3,3,1,2,2,3,1,1,2,2,1,1.5,0,1,0,0,0,0,11,11
1ae,1.5,1.5,0,0.5,2,2,1,1,1,1.5,0,0,0,0,2,2,0,0,0,1,0,0,0,1,2,2,0,0,0,0,0,0,0,0,10,10
1af,5,5,5,5,3,3,7,7,3.5,3.5,1,1,5,5,7,7,4,4,3.5,3.5,5,5,5,5,2,2,3,3,5,5,2,2,3,3,20,20
1af,2.5,2.5,0,0,2.5,0.5,0,0,0,0.5,0,0.5,0,0.5,2,2,2.5,2.5,4,3,1,0,0,0,1.5,1.5,1.5,2,2,2,0,0,4.5,4.5,15,15
1af,3.5,3.5,3,2.5,2,1,0,0,0,2.5,0,0.5,1,1,2,1,2,2,3,3,0,0,0,0,2,2,2,3,0,1,0,1,6,6,9,9
1af,3.5,3.5,5,4,2,2,1,1,4,4,1.5,1,0,0,4,2,3,4,4,3,3,2,0,0,1.5,2,2.5,3,0,3,0,0,3,2,13,12
1af,5,5,3,3,3,3,4,4,3.5,3.5,1,0.5,4,4,7,7,4,4,4.5,4,2.5,3,5,5,2,2,3,2,7,7,1.5,2,6,6,18,18
1af,2,2,0,0,0.5,1,0,0,3,2,0,0.5,0,1,2,0.5,0,0,0,1,0,0,0,0,1.5,2,1.5,1.5,2,1,0,0,0,0,15,15
1af,0,1,0,0,3,1.5,0,0,0,0,0,0,0,0.5,0,0,0,0,0,0,0,0,0,0,0,0,0,0,0,0,0,0,0,0,9,9
1af,5,5,2,2,2,1,0,0,3.5,3.5,0,0.5,0.5,0.5,2,0,0.5,0.5,2,2,1,1,0,0,2,2,3,2.5,2,2,0,0,1.5,2,14,14
1af,4.5,5,5,5,3,3,5,5,3,3.5,1,1.5,5,4,6,7,4,4,3,3.5,2,3,2,3,2,2,3,3,2,3,2,2,6,6,16,16
1af,5,5,3,3,3,3,7,6,3,3,0,0.5,5,3,7,7,4,4,4,4,6,4,5,5,2,2,3,3,5,6,0,0,6,6,19,19
1af,5,5,2,2.5,2,1,0,0,2.5,2,1,1.5,0,0,5,5,4,3,2,2,3,3,3,2.5,2,2,1.5,1.5,1,2,0,0,0,0,16,16
1af,2.5,3.5,0,2.5,0,0,0,0,0,3,1,1.5,0,0,5,4,1.5,2,1,0,1,0,0,0,1,1.5,0,0,0,0,0,0,0,0,10,10
1af,4,4,0,0,3,3,0,0,3,4,0,0,0,0,4,4,3.5,3.5,2,2,2,1,0.5,0.5,2,2,0,0,0,1,0,0,0,0,13,13
1af,0,1,0,0,0,0,0,0,0,0,0,0,0,0,4,3,0,0,1,1,0,0,0,0,2,1.5,0,0,0,0,0,0,0,0,15,15
1af,4,3.5,3,4,2,2,0,0,3,3.5,0,0,2,2,5,5,3.5,4,2.5,2,2,3,0,0,2,2,3,3,2,3,0,0,0,0,14,14
1af,4,4.5,3.5,5,1,2.5,2,2,2.5,2,0,0,3,3,5,2,4,4,3,5,3,3,2,3,2,2,3,3,0,0,0,0,4,2,14,14
1ag,3.5,3.5,0,0,2.5,3,0,1,4,2.5,0,0.5,4,4,5,3.5,0,0,0,1,0,0,0,0,1.5,1.5,2,3,0,0.5,0,0,3,1.5,11,11
1ag,4,4.5,5,5,3,3,7,5.5,4,4,1,2,4.5,5,4,5,3,3.5,3.5,4,4,5,2,2.5,2,2,3,3,0,1.5,2,2,4.5,3,18,18
1ag,5,5,5,5,3,2.5,6,6,2,0.5,0,0,0,0,5,5,1,1,3.5,4,2,2,0,0.5,0.5,0.5,0,0,0,1.5,0,0,3,4,14,14
1ag,1,0.5,0,0,1,3,1,3,0,0,0,0,0,0,0,0,0,0,0,3,0,0,0,0,0.5,0.5,0,0,0,0,0,0,0,0,6,6
1ag,5,4,5,5,3,2.5,6,5,3.5,3.5,0.5,1,0,4,6,7,4,4,2.5,4,5,6,3.5,3.5,2,2,3,3,7,5,1,2,1.5,6,16,16
1ag,4,4,3,5,2,2,0,0,3,3.5,0,0,0,0,3,4,0,0,0,1,0,0,0,0,2,2,1.5,3,0,1.5,0,0,0,0.5,11,12
1ag,4.5,4.5,5,5,3,3,2,5,3.5,3,1,2,3,5,6,7,4,4,5,5,5,6,4.5,5,2,2,3,3,1,2,1,2,6,6,18,18
1ag,2.5,2,2.5,3,2,1.5,1,2,1.5,1,0,0.5,0,2,0,0,3,2,0,1,1,3,0,0,0.5,0.5,0,0,0,0,0,0,6,4.5,10,10
1ag,0,0.5,0,0,1.5,2.5,0,0.5,3,3.5,0,0,0,2,0,1,1,1,2,3,0,3,0,0,1,1,1.5,3,1,3,0,0,4,5,7,7
1ag,5,5,3,5,2,1,1,3,0,2,1,2,0,3,3,2,3.5,4,3.5,4,2,4,1,4,2,2,1.5,3,1,0.5,1,1,3.5,3,14,14
1ag,5,5,3,5,3,3,0,0,0,4,0,1,4,3,5.5,4,3,3,3.5,4,3,6,0.5,5,2,2,1.5,3,3,5,2,2,4.5,5,17,16
1ag,1,1.5,3,2.5,3,3,1,3,4,4,0,1,0,3,5,7,1,1,4,3,2,5,1,2,2,2,3,3,3,5,2,2,6,5,16,16
1ag,0,0,0,,0,0,0,,0,3,0,,0,,0,,0,,1,1,0,,0,,1,1,0,,0,,0,"",0,,11,11
1ag,4.5,4,4.5,5,1,2.5,1,3,2,3,0,0,5,5,3,5,4,4,2.5,4,2,4,1,3,2,2,1.5,3,0,3,0,0,6,5.5,18,18
1ag,5,4,5,5,3,3,3,7,4,4,2,2,6,6,6,7,4,4,4,5,5,6,4,5,2,2,3,3,7,7,2,2,6,6,20,20
1ag,5,5,3.5,2,2,3,0,0,3.5,2,0.5,2,0,0,3,6,3.5,4,2.5,5,0.5,4,0,0,1.5,2,1,3,1,0.5,0,0,0,0,13,13
1bc,5,5,4,4,2,2,5,5,3,3,1,1,1,1,2,3,1.5,1.5,1,1,1,1,0.5,0,1.5,2,2.5,3,1,2,4,0?,0,6,16,16
1bc,5,5,5,5,2,2,1,1,2,2,0.5,1,0,0,3,3,3.5,4,1.5,1,4,4,0,0,2,2,2,2,2,2,0,0,4,6,16,16
1bc,5,5,5,5,2.5,2,1,1,1.5,2,0,0,0,0,2,3,3,2,1,1,1,1,0,0,2,2,1.5,3,1,2,0,0,4.5,5,11,11
1bc,5,5,5,5,3,3,0,0,2,2,0.5,1,0,0,3,3,3.5,3.5,2,2,4,5,4,4,1.5,1.5,1.5,1.5,0,0,0,0,4.5,5,13,13
1bc,5,5,5,5,3,3,5.5,6,4,4,1,1,4,5,7,7,4,4,3.5,4,6,6,5,5,2,2,3,3,2,6,7,2,6,6,17,17
1bc,4.5,4.5,5,5,2,2,0,0,1,1,0,0,4,4,4,4,3.5,3.5,3,3,1,1,0,0,1.5,1.5,3,3,5.5,5.5,0,0,6,6,14,14
1bc,4.5,4.5,5,5,3.5,4,6.5,6,1.5,1.5,1,1,5,5,6,6,4,4,3,3,4,4,4,5,2,2,2,2,4,4,2,2,6,6,16,16
1bc,5,5,4,4,3,3,1,0,4,4,0,0,3.5,4,1,2,2.75,2.5,0.5,1,2,2,0,0,1.5,1.5,0,0,3,3,0,0,0,0,16,16
1bc,5,5,4,4,1.5,1,1,1,3,3,1,1,0.5,0,2,2,0,0,1.5,2.5,1,1,0,0,1.5,1.5,1.5,2,1.5,2,0,0,3,3,11,11
1bc,4.75,4.5,4.5,4,3,3,0,0,2,2,1,1,2,2,1.5,2,4,4,2,3,2,2,1,1,2,2,1.5,1.5,2,2,1.5,1.5,0,0,14,14
1bc,4.75,4.5,5,5,1,3,0,0,2,2,0,0,1,0.5,2,2,3,3,2,3,1.5,1.5,0.5,0.5,2,2,1.5,1,0,0,0,0,0,0,10,10
1bc,0,0,0,0,0.5,1,0,0,0,0,0,0,0,0,0,0,0,0,0,0,0,0,0,0,0,0,0,0,0,0,0,0,0,0,4,4
1bc,4.5,4.5,4.5,5,1,2,4,4,4,4,1,2,3,3,4,4,3,3,3,3,2.5,2,0.5,0.5,2,2,3,3,2,2,4.5,0,0,4,17,17
1bc,2,2.5,1,1,1,3,0.5,0,0.5,1,0.5,1,0,0,0,0,0,0,1,2,0,0.5,0,0,2,2,3,3,1,2,0,0,4.5,5,15,15
1bc,0,0.5,0,1,0,,0,,0,,0,0.5,0,,0,,0,,0,1,0,,0,,0,,0,,0,0.5,0,"",0,,10,10
1bc,5,5,4.5,5,2,2,7,7,3,3,1,1,5,5,5,5,3.5,4,2,2,3,3,4,4,1.5,1.5,1.5,1.5,3,3,1,1,6,6,20,20
1bd,2.5,3.5,0,0,0,2,0,0,0.5,2,1,0,2.5,2,0,0,0.5,1,2.5,2,2,0,0,0,1,1.5,0,0,2,0,0,0,0,0,8,8
1bd,5,1,0,0,2.5,3,0,0,1.5,2,1.5,1,2,2,1,2,0.5,1.5,2,2,1,1,1,2,1.5,2,1.5,2,0.5,2,0,0,4,3,16,16
1bd,5,5,5,5,3,3,7,7,2.5,3,0.5,1,5.5,5,7,8,4,4,4,5,4,5,5,5,2,2,1.5,3,6,7,2,2,6,6,17,17
1bd,5,5,5,5,3,3,3,5,3,3,1,0,2,4,4,6,1.5,1.5,3,3,2,0,0,0,2,1.5,3,3,3,0,0,0,0,0,19,19
1bd,0,0,0,0,0,0,0,0,0,0,0,0,0,0,0,0,0,0,0,0,0,0,0,0,0,0,0,0,0,0,0,0,0,0,3,3
1bd,4,5,5,5,3,3,6,7,4,4,0.5,0,5.5,5,6,6,4,4,2,5,6,6,5,5,1.5,2,3,3,7,7,2,2,4.5,6,16,16
1bd,3.5,3,2.5,2.5,2,3,5.5,5,3.5,4,0.5,0,2,3,0,3,3.5,3.5,4,4,5,5,5,5,2,2,3,3,1,0,0,0,1.5,3,11,11
1bd,4.5,5,4.5,5,1,2,2,0,4,4,1,1,5.5,6,6,7,4,4,3,5,6,6,5,5,1.5,2,3,3,5,7,2,2,6,6,18,18
1bd,4.5,4,5,4,2.5,3,5,5,4,4,1,1,2,0,6,8,4,4,4,4,5,4,0,0,2,2,3,3,6,5,2,2,6,6,20,20
1bd,2.75,2.5,5,4.5,1.5,2,3,3,2,3,0.5,0,2,1,7,7,1.25,1,2,2,3,3,0.5,0,2,1.5,3,3,5,5,0,0,0,0,14,14
1bd,2.25,4,2.5,4,1.5,3,5.5,3,4,4,0,0,4,4,4,5,3.5,4,3.5,4,2.5,4,2,2,2,2,3,3,4.5,2,1,1,4.5,4.5,17,17
1bd,3.5,3.5,5,5,1,2,0,0,4,4,0,0,1.5,3,3,5,1,2,2,0,1.5,0,0,0,1.5,1.5,2,3,3,4,0,0,3,3,12,12
1bd,4.5,4.5,0.75,0,0,2,0.5,0,1.5,2.5,0,0,2,3,0,0,1,1,0,0,1,0,0.5,0,0,0,0.5,0,0,0,0,0,0,0,9,9
1bd,5,,4,3,1.5,3,2.5,0,4,4,1,1,3,0,2,6,3,4,4,5,3,3,2.5,4,2,2,1.5,3,5,4,0,0,6,6,12,12
1bd,3.5,3,1,2,1,1.5,0,0,2,2,0.5,0,0.5,0,0,0,0.25,0,0.25,0,0.25,0,0,0,1.5,1,1.5,3,0,1,0,0,0,0,9,9
1bd,0.5,3,0,0,0,1,0.5,0,1.5,1.5,1.5,1,2,3,0,0,0.5,1.5,0,0,0,0,0,0,1.25,1.5,1,0,0,0,0,0,0,0,8,8
1be,0,0,0,0,0,0,0,0,0,0,0,0,0,0,0,0,0,0,0,0,0,0,0,0,2,2,0,0,0,0,0,0,0,0,7,7
1be,3.5,3.5,4,4,1.5,3,1,2,3,2,1,1,0.5,1.5,2,2,3,3,1.3,1,1,1,0,0,2,2,3,3,2,2,0,0,4.5,4.5,15,15
1be,5,5,4.5,4,3,1,2,1.5,4,3.5,0.5,1,6,3.5,5,5,3.5,3.5,2,4.5,6,5,1,1.5,2,2,2,2,3,2,0,0,1,1,16,16
1be,4.5,4.5,4.5,4,3,3,1.5,2,4,4,0.5,1,4,5,6,4,4,4,5,5,6,5,0,0,2,2,0,2,2,2,0,0,4.5,4.5,14,14
1be,4.5,4.75,4,3,1,2.5,1,4,3,3,1.5,1.5,2,3,3.5,4.5,2.5,2.5,1,1.5,2,3,0,0,2,2,3,3,3,3,0,0,6,5.5,18,18
1be,3.5,3.25,3,3,1.5,2,2,2.5,3,3,1.5,2,1,1.5,0,1,3.75,3,2,2,2,2.5,0,2,1,1,1.5,2.5,1,2,0,0,3,4,11,11
1be,5,4.75,4.5,4,3,2,4,1,3,3.5,0,0,3,2.5,7,6,2.25,2.5,3,3.5,2,2.5,0,0,1,1,1.5,2,3,2,0,0,6,5,19,19
1be,4.5,4.5,4.5,4.5,1,2,2,2.5,4,3,1,1,3,3,4.4,4,4.5,3,2,2,1,2,1.5,1,1.75,1.5,1.5,1,2,1,1,1,3,4.5,15,15
1be,0,0,0,0,0,1,0,0,0,0,0,0.5,0,0,0,0.5,0,0,0,0,0,0,0,0,0,1,0,0,0,0,0,0,0,1.5,9,9
1be,4.5,5,3,3.5,1,1.5,1,0,4,3.5,0,0,1,1,4,5,4,4,2,2,1.5,1,0,0.5,1.5,1.5,1.5,1.5,0,1,0,0,6,6,14,14
1be,5,4,4.5,3.5,2.5,3,1,1,2,2,1.5,2,0,0,4.5,4,3.5,2.5,4,3.5,2,2,1,0.5,2,2,3,2.5,0,0,0,0,0,0,11,11
1be,5,5,4.5,4,3,3,6,4.5,4,3.5,0.5,1,3,3.5,6.5,6,4,3.75,3,3,6,5,5,3,2,2,1.5,2,1.5,0,2,2,6,6,17,17
1be,4,3.5,4,4,1,2,0,1.5,1.5,2,1,1,2,2,2,4,0.5,0,3,3,2,1.5,1.5,2.5,1.5,1,1.5,2.5,0,1,0,0,4.5,4.5,13,13
1be,4,5,3.5,3.5,3,3,0.5,0,3,3,0.5,1,2,2,1,1.5,3.5,3,1,1.5,2,2.5,0,0,1.5,1.5,1.5,1.5,1,2.5,0,0,6,4,9,9
1be,5,5,5,5,2,2,1,1,3,3,1.5,2,3,3.5,3,4,2,1.75,1,2,1.5,1.5,0,0,2,2,1.5,1.5,0.5,0,0.5,0,3,3,17,17
1be,4.4,4.5,2.5,1,1,2,0,0,3,2,0,0,0.5,1,1.5,1.5,2.5,3,2.5,3,2.5,2.5,0,0,1.5,1.5,1,2,0,1,0,0,4.5,4.5,11,11
1bf,5,5,5,5,2.5,3,6,7,4,3.5,1,1,5.5,6,5,6,4,4,0.5,0.5,3,4,4.5,2,2,2,1.5,1.5,2,1,0,1,6,5,18,18
1bf,3.5,4,5,4,2.5,2.5,2,3,3,3,0,0.5,3,3,3.5,4,1,1,0,0,1.5,1.5,0,0,1.5,1.5,1.5,1.5,1.5,1,0,0,0,0,14,14
1bf,0.5,0.5,0,0,1,1,0.5,0,1,1.5,0,0,0,0,0.5,0,0.75,1,0,1,0.5,0,0,0,1.5,1,1,0,0,0,0,0,0,0,7,7
1bf,5,5,5,5,2.5,3,6,5,4,3.5,0.5,0.5,2,1.5,6,6,4,4,4,4.5,6,6,5,4.5,2,2,3,3,7,6,2,2,4.5,5,17,17
1bf,5,5,5,5,2.5,3,6,5,4,4,0.5,1,5,5,7,6.5,4,3.5,4,3,6,6,5,4.5,2,2,3,3,7,7,1,1,6,6,20,20
1bf,1.25,2,3,3,1,1.5,1.5,0.5,2,2,0,0.5,2,3,1.5,2,0,0,2.5,2,0.5,0,1,1,1.5,1.5,1,1.5,1,0,0,0,1.5,1,14,14
1bf,4.75,4.5,3.5,3,1,0.5,0,0,1,2,0,0.5,0.5,0.5,0,0,1.25,1.5,2,1,1,0,0.5,0,1.5,2,1.5,1.5,1,0.5,0,0,0,0,10,9
1bf,5,5,5,4.5,3,2.5,0,0,4,4,0.5,1,5,4.5,7,8,4,4,3,3.5,4,3,4,2,2,2,3,3,5,5,2,2,6,6,18,18
1bf,3,3,2.5,2.5,2,1,0.5,0.5,1.5,2,0,0.5,3,3,3.5,3,1,1,0.5,1,1,0,0,0,1.5,1.5,1,2,0.5,0.5,0,0,0,0,18,18
1bf,5,5,3.5,3.5,1.5,1.5,0.5,0.5,3,3,0.5,0.5,1,1.5,1.5,2,4,4,2.5,3,0.5,0.5,0,0,1.5,1.5,2.5,1.5,2,2,0,0,6,6,14,14
1bf,1,0.5,0.5,0.5,0,0,0,0,1,1.5,0,0,0.5,0.5,0,0,3,2,2.5,3,1.5,2,0.5,1,1,1,1.5,1,0,0,0,0,0,0,10,10
1bf,0,0,0,0,0.5,0,0,0,2,1.5,0.5,1,0,0,0,0,1,1,1,1,0,0,0.25,0,0,0,0,0,0,0,0,0,0,0,8,9
1bf,5,5,5,5,1,2,1,2,1.5,1.5,0,0,1,1,2.5,2.5,4,4,0.5,0,4,3,3,2.5,2,2,1.5,1.5,2,2,1,0.5,4.5,5,15,15
1bf,5,5,5,5,2.5,3,6,7,3,3,0.25,0.5,1,0,4,2.5,3.5,2,0.5,1,3,4,0,0,2,2,1.5,1.5,5,4,0,0,6,6,16,16
1bf,5,4.5,4,2,1,2,0,0,2.5,3,1,1.5,0,0,1,2,1.5,2,1,2.5,1,1,0,0,2,2,1.5,1.5,0.5,0.5,0,0,0,0,8,8
1bf,5,5,5,5,2,3,0,0,4,4,1,1,2,2.5,3,3.5,4,4,2.5,3,2.5,2.5,3,3.5,1.5,1.5,3,3,4,2,0,0,6,6,17,17
1bg,5,4.5,5,5,3,3,7,7,4,3.5,0.5,0.5,5,4,8,7,4,4,4,5,6,6,5,5,2,2,3,3,5,3,2,2,4.5,4.5,18,18
1bg,5,5,0,2.5,1,1,5,4,1,2.5,0,0,4,6,0,0,3.5,3.5,2.5,3,2,3.5,0,0,1.5,2,1.5,0,0,3,0,2,6,4.5,16,16
1bg,4,4,4,4.5,2,2.5,0,0,2.5,3,0,0,0.5,5,1,3,2.5,2,2.5,4,1,2,0.5,1,1.5,1.5,1.5,3,0.5,0,1,0,6,5,15,15
1bg,5,5,0,3.5,1,2,1,2,3,3,0.5,1.5,0,0,2,3,3.25,2.5,0.25,0,1.5,4,0,0.5,1.5,2,1.5,3,0,0,0,0,3,4.5,14,14
1bg,5,5,3,5,1,1,1.5,5,4,4,0.5,1.5,2,4,0.5,0,4,4,1,1,1,0,0.5,1,2,2,1.5,3,2,2,0,0,0,0,14,14
1bg,1,1,1,2,1,1,0.5,0,0.5,0,0.5,1,0,0,1,2,0,0,0.5,0,0,0,0,0,2,2,1.5,1.5,2.5,0,0,0,0,0,9,9
1bg,5,3,2.5,0,2,3,5,1,3,4,0.5,0.5,4,6,4,7,4,4,4,5,6,4.5,4,2,1.5,1.5,1.5,3,5,5,0.5,0.5,6,6,18,18
1bg,2.5,1.5,4,4,1,1,0.5,1,3,2.5,0.5,0.5,1,1,0.5,4,0.25,0.5,0.5,1.5,0.5,0,0,0,2,2,1.5,3,0.5,0,1,1,4.5,4.5,12,13
1bg,4.5,4.5,4,4,3,3,2,0,1.5,1.5,1,1.5,0,0.5,3.5,3,0.5,0.5,2,3,2,3,4,3,1.5,1.5,1.5,3,3.5,5,0,0,6,5,13,13
1bg,5,4.5,4,5,1.5,2,0.5,1,3,2.5,0.5,0.5,0,1,1.5,4,0.25,1,1.5,2,2,3,1.5,1,1,1,1.5,3,0,0,1,1,0,1.5,14,14
1bg,1.75,1,3.5,2.5,1.5,2.5,0.5,2,3,3,0.5,1,2,4,2,4,4.5,3.5,2,4,2,4,1,2,1.5,1.5,1.5,3,0,1.5,0,0,0,0,13,14
1bg,3.25,1,1.5,1.5,0,0,0,0,0,0,0,0,0,0,0,0,3,2.5,1.5,4,1.5,2,0,1,1.5,1.5,0,3,0,0,0,0,0,0,14,14
1bg,4.5,4,4,5,3,3,4.5,6,3.5,4,1,1.5,3.5,6,0,0,0,0,0,0,0,0,0,0,0,0,0,0,0,0,0,0,1.5,1.5,13,14
1bg,5,5,5,5,3,3,7,7,4,2,1,0.5,2.5,4,5,6,4,4,5,5,6,6,5,5,2,2,3,3,3,3,0.5,0,6,5,19,19
1bg,5,5,5,4,3,3,6,5,4,3.5,0.5,0.5,3.5,2.5,7,6,4,4,2.5,3.5,3,4,2.5,2.5,2,2,1.5,2.5,2,3.5,0,0,6,3.5,17,17
1cd,3.5,4,5,5,3,3,5,5,4,4,1.5,1.5,6,6,8,8,2,2,1.5,2,3,3,3,3.5,1.5,1.5,3,3,7,7,2,2,6,6,19,19
1cd,5,5,5,4.5,3,3,,0,2.5,3,,0,3,4,5,3,3,3,,0,,1,,0,2,2,3,3,2,2,,0,3,3,14,14
1cd,1.5,1.5,4,3,2,2,,0.5,4,4,,0,5,0,,5,1,1,,2,2,2,,0,1,1,3,2,"",0,,0,,0,13,13
1cd,4,4,4.5,5,3,3,,0.5,4,4,2,2,3,3,3,3,0.5,0.5,2,3,,0.5,,1,1,1,,0,"",1,,0,3,3,12,12
1cd,3.5,1.5,,0,,0,,0,2,2,,0,,0,,0,,0,,1,,0,,0,0.5,0.5,,0,"",0,,0,,0,13,13
1cd,4,3.5,3,1,2,2,,0,2,2,1,0.5,,0,2,2,3,3,2.5,3,3,2,,0,"",0,,0,"",0,,0,6,6,9,9
1cd,5,5,4,4,3,3,5,5,4,4,1,1.5,3,3,5,5,4,4,5,4,,1,5,5,2,2,3,3,5,5,1,1,6,6,17,17
1cd,5,5,5,5,3,3,0,1,4,4,,1,3,3,8,8,4,4,5,4,6,6,3,2,2,2,3,3,4,5,1,1,4.5,4.5,20,20
1cd,4,4,5,5,3,3,0,1,3.5,3,,0.5,0.5,1,6,5,4,4,4,3,3,3,,0,2,2,3,3,1,6,6,1,5,5,17,17
1cd,4.5,4.5,5,5,3,3,7,7,4,4,1,1,3,4,7,6,4,4,4,4,5,5,5,5,2,2,3,3,7,7,2,2,4.5,4.5,20,20
1cd,1,1,2,1,,1,,0,2.5,3,1,1,3,3,5,4,3,1.5,2,2,,0,,0,2,2,3,3,2,2,,0,,0,17,17
1cd,4.5,4.5,4,4,2,2,5,3,4,4,2,2,3,4,6,5,4,4,3.5,4,5,6,4,5,2,2,3,3,5,5,,0,6,6,18,18
1cd,5,5,2,4,3,3,,1,4,4,,0,3,2,8,8,4,4,4,4,5,5,5,5,2,2,3,3,5,4,1,1,4.5,4.5,16,16
1cd,4,3.5,,0,2,2,,0,3,3,,0,2,2,3,2,4,3,2.5,3.5,1,1,,0,2,2,3,3,"",1,,0,,0,8,8
1cd,4.5,4.5,3.5,4,3,3,,0,4,3,,0,3,3,5,5,2.5,3,2,3,2,2,5,4,2,2,3,3,1,1,0,0,3,3,13,13
1cd,5,5,2.5,4,3,3,2,2,4,3,,1,,0,7,7,4,4,3,4,3,3,4,3,2,2,3,3,"",2,,0,4.5,4.5,16,16
1ce,5,5,2.5,2.5,2.5,3,1,1,2.5,3,1,0.5,2,1.5,3,2.5,2.5,2,1,1.5,3,2,3,2.5,1.5,1.5,3,2,3,2,0.5,0,5,5,17,17
1ce,4.5,4.5,5,4.5,3,3,6,5,4,3.5,1,1,6,5,5,5,3,3,3,2.5,3,2.5,3,2,2,2,3,2,3,3.5,2,1.5,4.5,5,20,20
1ce,4,4,4.5,4,3,3,2,1.5,3.5,3,1,1,3,3,3,3,3,2.5,2.5,2,2,3.5,1.5,1,1.5,1.5,1.5,1,2,1.5,1,1,6,0,15,15
1ce,4.5,4,4.5,4.5,3,3,0,0,4,3.5,0,1,6,4,5,4.5,4,3.5,4,4.5,2,3.5,4,1,0.5,0.5,1.5,1.5,0.5,1,0,0,0,0,13,13
1ce,4.5,4.5,3.5,4,2,2,0,0,4,3.5,1,1,0,0,0.5,0,4,4,3,2.5,0.5,0,0.5,1,2,2,2,1,1?,1,0,0,6,4.5,11,11
1ce,5,5,4,4,3,2.5,0,0,3,3,0,0,3,1.5,0,0,2,2,3,2,2,1.5,2.5,0.5,1,1,0.5,0,2,1,0,0,4.5,3.5,12,12
1ce,5,5,2.5,2.5,3,2,2,2,2,1,0,0,0,0,5,4,0,0.25,2,2,2,2.5,1,0.5,1.5,1.5,3,2.5,3,2,0,0,6,6,13,13
1ce,5,5,5,4,3,2.5,4,3,3.5,2,1,1,4,4,5,5,3.5,2.75,1.5,1,2,1,2.5,2.5,2,2,3,1.5,5,6,0.5,0,6,6,18,18
1ce,5,5,5,5,3,3,5,5.5,3,4,1,0.5,6,5,7,6,4,3.5,3,3,5,4.5,0,0,1.5,2,3,3,6,5,1.5,1,6,5,16,16
1ce,4.5,5,5,5,3,2.5,6,7,4,3.5,1,1,6,4,8,6,4,4,5,5,6,5,3,1.5,2,2,3,3,5,5,0,0,4.5,4.5,20,20
1ce,5,4.5,5,5,3,2.5,5,5,4,3.5,1,1,4,4,5,3,4,4,4,5,6,5,5,5,2,2,3,3,5,4,2,2,6,5,14,14
1ce,4,4,5,4,0,0,1,1.5,4,4,1,1,1,1,3,3,4,3.25,3,2,0.5,0.5,2.5,1.5,2,2,3,2,1,1,0,0,4.5,4,12,12
1ce,5,5,5,5,2,1.5,1,0,3,3,1.5,1.5,1,2.5,5,4,3.5,3.5,5,5,5,3.5,0,0,2,2,3,2.5,4,2,1,1,0,0,19,19
1ce,5,5,5,4.5,3,3,3,1,4,4,2,1,6,5.5,6,5,3.5,3.5,4,3.5,6,5,5,3,2,2,3,3,5,6,0,0,6,6,18,18
1ce,5,5,4,5,2,2,0,2,3.5,3,1,1,6,3,5,2.5,4,4,4,4,6,4.5,4,3,2,2,3,2,2,2,0,0,6,5.5,18,18
1ce,4.5,4.5,5,3,1.5,3,0,0,3.5,3,0.5,0,3,3,5,4,2.5,2,2,1.5,1,1,0,0,2,2,3,3,1,1,0,0,6,5,14,15
1cf,0.5,1,0,0,2,3,1,1,4,4,0.5,0.5,2,2,0,0,0.5,0.5,1,2,0,0,0,,0.5,1,0,0,0,0,0,0,4,4,11,11
1cf,4.5,4.5,5,5,3,3,5,6,4,4,1.5,2,6,6,6,6,1,1,1,3,4,4,0,0,1,1,2.5,3,0,0,1,1,4.5,4.5,16,16
1cf,5,5,3,3,3,3,0,0,4,4,0.5,0.5,3,4,2,2,4,4,3,4,4,4,0,0,0.5,0.5,0.5,0.5,0,0,0,0,1,1,12,12
1cf,1.5,1.5,2,2,1,2,0,0,4,4,1,1,1.5,0.5,1,3,4,2,3,4,3,3,0,0,2,2,0,3,5,5,0,0,0,0,11,11
1cf,0,0,0,0,0,0,0,0,0,0,0,0,0,0,0,0,0,0,0,0,0,0,0,0,0,0,0,0,0,0,0,0,0,0,9,9
1cf,4.5,,2,,2.5,,1,,2,,0,,0,,1,,3,,4,,1,,1,,2,,2.5,,2,,0,"",0,,10,
1cf,3,3,1,2,2,3,4,4,4,4,0,0,4,4,7,7,1,1,0.5,2,0.5,1,0,0,1,1,0,0,1.5,2,0,0,0,0,13,13
1cf,5,5,4,4.5,3,3,3.5,3,4,4,1.5,1,0,0,3,3,4,4,5,5,5,4,3.5,3.5,2,2,2,2,1,1,0,0,6,6,17,17
1cf,5,5,2.5,2,1.5,1.5,2,2,4,4,0.5,1,0,0,4,4,0,0,1,2,0,1,0,0,1.5,1.5,2.5,3,4,4,0,0,5,4.5,13,13
1cf,4.5,4.5,5,5,2,2,2,2,4,4,1,1,0,0,4,5,2.5,2.5,2,2,2.5,2,0,0,2,2,2,2,3.5,4,0,0,4,4,11,11
1cf,1,1,0,0,0,0,0,0,2,2,1,2,0,0,1.5,2,0.5,0.5,1,1,1,1,3,1,1,1,2.5,2.5,4,4,0,0,0,0,16,16
1cf,3,3,1,1,1,1,1,1,2,2,1.5,1,0,0,1,1,3,3,1,1,0,0,0,0,1.5,1.5,0,0,0,0,0,0,0,0,15,15
1cf,5,5,2,2,2,2,0,0,3.5,3.5,0.5,0.5,4,4,4,5,2,2,1,2,0.5,0.5,0,0,1.5,1.5,2.5,2.5,1,1,0,0,6,6,13,13
1cf,0,0,0,0,3,3,1,2,3,3,0.5,0.5,4,3.5,2,2,2.5,2.5,1,1,3,2.5,0,0,1,1,1,10,0,0,0,0,0,0,14,14
1cf,3.5,3.5,4,4,1,1,2,2,4,4,0,0,2,2,4,4,2.5,2.5,2.5,3.5,4,4,0.5,0.5,2,2,3,3,1,2,0,0,0,0,14,14
1cf,1.5,1.5,0,0,2,2,0,0,2,2.5,0,0,2,1.5,0,0,2,2,2,5,1,2,0,0,1.5,1.5,0,0,0,0.5,0,0,0,0,11,11
1cg,3,3,0,0,2.5,3,0,0,3.5,3,0.5,1,0.5,0,5,5,1.5,1,4,4,2,2.5,0,0,0,0,0,0,0,0,0,0,0.5,1,15,15
1cg,5,5,5,5,2.5,3,6,5,4,4,1.5,1,6,6,7,6,4,4,2,2,3,3,1,2,1.5,1.5,3,3,3,3,0,0,6,6,15,15
1cg,5,5,5,5,1.5,2,0,0,4,3,1,1,4,3,0,1,3.5,3.5,5,5,3.5,4,0.5,2,1.5,1.5,3,3,3,2,0,0,5,4,17,17
1cg,5,5,2.5,3,2,2,0,0,3.5,3.5,0,0,0,0,3,3,1.5,1.5,3,1,4,5,0,0,0,0,0,0,0,0,0,0,0,0,16,16
1cg,4.5,3.5,5,4,3,2,0,0,3.5,3.5,1,0,0,0,6,4,0,0,5,5,5,3,1,0,0,0,3,3,1,2,0,0,5,5,11,11
1cg,5,4.5,5,4,3,3,4,4,2.5,2.5,0.5,1,5,5,6,5,3.5,3.5,5,4,5,5,5,5,2,2,3,3,7,7,2,2,6,6,19,19
1cg,5,5,5,4,3,3,5,4,3.5,3.5,0,0,4,4,6,7,4,4,5,5,5,4,4,5,2,2,3,3,0,0,0,0.5,1.5,1,13,13
1cg,5,5,4.5,4.5,2.5,2,3,3,3.5,3,0,0,0.5,0.5,0,0,1.5,1.5,3,3,4,4,0,0,2,2,3,3,0,0,0,0,5,4,18,18
1cg,5,5,5,5,3,3,1,0,3,3,1.5,1,5,4,5,5,4,3.5,4,3,1.5,1,4,5,3,3,3,3,4,5,2,2,6,6,17,17
1cg,4,4,5,4,2.5,3,5,5,4,3.5,0,0,0,0,5,5,3.5,3,5,4,1,1,0,0,2,2,3,3,3,3,0,0,6,6,9.5,8
1cg,3.5,3.5,2.5,3,2,2,2,2,4,3,2,2,3,3,6,5,0.5,0.5,4,4,2,2,0,0,2,2,3,3,3,2,0,0,6,6,17,17
1cg,3.5,2.5,3,2.5,3,2,2,2,3,3,0,0,0,0,2,3,0,0,4,4,1,1,0,0,1,1,3,3,0,1,0,0,0,0,12,13
1cg,0,0,0,0,0,0,0,0,0,0,0,0,0,0,0,0,0,0,0,0,0,0,0,0,1,1,3,3,0,0,0,0,0,0,5,5
1cg,3.5,3.5,5,5,3,3,2,2,4,4,2,2,4,5,6,5,4,4,5,5,3,5,1,1,2,2,3,3,4,4,1,1,4,3.5,17,17
1cg,5,5,5,4,2.5,2,0,0,2,1,0,0,4,4.5,0,0,1,0.5,2,1,1,1,0,0,2,2,3,2,4,4,0,0,4,3,12,12
1cg,0,0,5,4,1,1,0,0,0,0,0,0,0,0,5,4,0,0,3,3,0,0,0,0,2,2,3,3,0,0,0,0,0,0,13,13
1de,3.5,3.5,5,2.5,3,2.5,2,1.5,3.5,2,1,1,3,3,5,5,4,3.5,3,3.5,4,3.5,2,0,2,2,1.5,1.5,4,2.5,2,2,6,6,17,17
1de,1.5,2,4,2.5,3,2.5,5,3,3,2,,0,6,5,6,5,1,0.5,,0,2.5,2,,0,1.5,1.75,3,3,4,2,,0,,0,14,14
1de,3.5,3.25,2,2,0,1,0,2,2,2.5,0,0.5,2,0,0,3,0.5,0,0,0.5,0,0.5,0,0,2,2,1.5,2,3,3,0,0,6,5,7,7
1de,0,0,0,1,0,2,0,1,4,2.5,0,0,0,0,3,4,0,0,0,0,1,1,0,0,2,2,1.5,2,0,3,0,0.5,3,3.5,15,15
1de,5,4.5,4,5,3,3,2,2.5,4,2.5,1,1,2,2,5,3,4,4,5,5,4,4,2,0,2,2,3,3,4,3,0,0,4.5,4.5,13,13
1de,5,4,5,3.5,3,2.5,5,2.5,4,3.5,0,1,4.5,3.5,8,5,4,4,5,4,6,4,5,4,2,2,1.5,2,5,3.5,2,1.5,4.5,3,15,15
1de,3,2,2,0,1,1,0,2,1.5,1,0,0,0,0,5,6,0,0,3,2.5,0,0,0,0,2,2,1.5,2,0,0,0,0,0,0,12,12
1de,5,5,5,5,3,3,3,3,3.5,2,2,2,5,0,0,5,4,4,5,3,5,3.5,5,4,2,1.5,1.5,1.5,1,1.5,2,2,4.5,4,17,17
1de,5,5,4,5,3,3,3,1,4,2.5,0,1,0,1,1,1,4,2.75,1.5,1.5,0.5,0,2,0.5,1,1,3,2,5,3,0,0,0,0,11,11
1de,4.5,4.25,4,3.5,3,3,2,1,4,3.5,1.5,1,3,2,6,4.5,3,3.75,4,3,6,4.5,0,0,2,2,1.5,2,5,3,2,2,4.5,3,20,20
1de,3,2.25,2,1,2,2,1,1,3,3,0,0,2,2,0,0,2,1.5,3,3,0,1.5,0,0.5,2,1.5,1.5,1.5,4,2,0,0,0,0,6,6
1de,5,5,4.5,4.5,2.5,2,2,3,3.5,3,1,0.5,4,3,3,3.5,4,2,3.5,1,3,2.5,0,0,2,2,2,2,4,2,0,0,4.5,4.5,17,17
1de,4,4,5,3.75,3,1.5,3,2,4,2,2,1.5,5,3.5,6,5.5,1.5,1,1.5,3,0,0,0,0,2,2,3,3,0,1.5,0,0.5,0,0,16,16
1de,1,1,3,2.5,2.5,1,0,0.5,4,3,1,0.5,3,2.5,3,4,2,0.75,2,1,2,1,0,0,1.5,1.5,0,0,0,0,0,0,0,0,15,15
1de,,4.5,,5,,1.5,,0,"",3,,1,,0,,5,,3.5,,1.5,,3.5,,0,"",2,,2,"",1.5,,0,,3,,17
1de,,2.25,,1.5,,1.5,,0,"",3,,0,,2,,2,,1.5,,4,,2.5,,0,"",1.5,,1.5,"",1,,0,,6,,14
1df,2.5,0.5,0,0.5,0,0.5,0,0,2,1.5,0,0.5,1,1,0,1.5,0,0,3,1,0,0,0,0,1.5,1,1.5,0.5,0,0,0,0,4.5,3,10,10
1df,5,5,5,4.5,1,2.5,5,4,4,3.5,1,1.5,5,5,5,5,4,3,5,3.5,4,4,3,3,2,1.5,1.5,1,2,1,2,2,4.5,4.5,18,18
1df,1.5,1.5,2,2,0,0,0,1,2.5,1.5,0,0.5,4,1,3,2,0,0.5,1,0.5,1,0.5,0,0,1,1,0,0,2,0,0,0,0,0,9,9
1df,3.5,4.5,2.5,3.5,2,1.5,0,0,2,3,0,0,3,4,4,4,3.5,3,1,0,4,1,0,0,2,1.5,3.5,1.5,2,0.5,0,0,0,0,13,13
1df,5,5,4.5,5,2,2.5,0,0,4,4,1,1,0,3.5,5,7,4,4,5,2,5,2.5,0,0,2,2,3,3,0,0,0,0,0,0,17,17
1df,2.5,2,3,3,0,0.25,0,0.5,3,2.5,1,1.5,0,0.5,5,4,0,1,2,1,2,2,0,0,1,2,1.5,1.5,3,2.5,0,0,3,3,14,14
1df,5,5,5,5,2,2.5,0,0,3,3,1,0.5,3,3,0,0,2,1,4,4,3,2,2,1,2,2,1.5,2,4,3,0,0,0,0,18,18
1df,5,5,5,5,3,2.5,2,2,4,4,2,2,3,3.5,4,3,4,4,1,1,4,4,0,0,2,2,3,2.5,3,3,0,0,3,3,15,15
1df,3.5,4,5,4,2,2,0,0,3,1.5,1,0,1,1,3,1,3.5,3.5,3,3,3,3,0,0,2,2,3,3,1,1,2,2,3,3,16,16
1df,5,5,2,3.5,3,2.5,5,5,3.5,4,0,0.5,3,3,7,7,4,3.5,1,0.5,2,2.5,0,0,4,2,1.5,2.5,3,4,0,0,4,4,17,17
1df,3,4,3,3,1,1,5,5.5,3.5,3,0,0,3,2,5,7,4,4,4,4.5,4,5,3,3.5,2,2,3,3,6,4,2,1,6,6,17,17
1df,4,4.5,5,5,3,3,7,7,4,4,0,0,4,4,6,5,4,4,3,5,5,4.5,5,4,2,2,1.5,2,6,5.5,0,0,6,6,17,17
1df,5,5,5,5,2,1.5,0,0,4,4,0.5,1,2,3,5,6,4,3,1,0.5,2.5,2,0,0,2,2,3,3,1,0.5,0,0,4.5,2,16,16
1df,5,5,3,5,3,3,0,0,4,2,0.5,1,1,3,4.5,4,4,4,3,2,4.5,4.5,1,1.5,2,2,1.5,2.5,4,3,0,0,4.5,5,15,15
1df,5,5,3,2.5,3,2.5,3,3,4,3.5,0.5,1,1,2,1.5,1.5,4,4,2,3.5,4,4,7,1.5,2,2,2,2,1,2,0,0,6,5.5,13,13
1df,5,5,5,5,1.5,1.5,3,3.5,3,2,0,0.5,2,2,4,3,4,4,0,0,3,2,4,2,1.5,2,2,2,0,2,3,1,,1.5,18,18
1dg,4,4,5,4,3,3,2,4,4,4,0.5,0,5,4,7,5,3,3,4,3,5,3,4,4,2,1,3,2,3,3,1,1,4.5,6,19,19
1dg,2,3.5,2,2.5,3,3,2,2,3,3,1,0,3,2,6,4,2,2,3,1,2,2,3,3,2,2,3,1.5,0,2,0,0,3,3,16,16
1dg,3.5,3.5,0,0,3,0,0,0,1.5,2,0.5,0,0,0,0,0,0,0,0,0,0,0,0,0,2,2,0,1.5,0,0,0,0,0,0,14,14
1dg,3,3.5,2,2,3,0,0,0,3.5,2,0,0,2.5,0,2,0,3.5,4,4,2.5,4,2,0,0,1.5,1.5,3,0,0.5,0,0,0,0,0,13,13
1dg,5,5,2,2,3,3,3,3,3.5,3,0.5,0,3,2,7,5,4,4,5,5,6,4,0,0,1.5,1.5,3,3,3,2,0,0,1.5,0,17,17
1dg,1.5,1,0,0,5,3,0,0,0,0.5,1.5,0,0,0,0,0,1,1,0,0.5,1,0,0,0,0.5,0.5,0,0,0,0,0,0,0,0,10,10
1dg,4.5,4.5,5,4,3,2,0,0,4,4,0,1.5,4,2,1,0,4,4,5,4,6,5,4,5,2,2,3,3,1,3,0,0,4.5,4.5,12,12
1dg,5,4.5,5,5,3,3,6,7,4,4,1.5,1,1,2,8,8,4,4,4,2,6,5,5,5,2,2,3,3,1.5,2,2,2,6,6,18,17
1dg,4.5,5,4.5,5,3,2.5,3,2,4,4,1,1,3,2.5,5,4.5,1.5,1,4,2,3,3.5,3,0,2,2,3,2.5,3,2.5,0,0,6,6,19,19
1dg,5,5,5,2.5,3,2,6,3,3.5,4,0.5,0.5,3,2,4,4,3,3,2,0,2,0,0,0,2,2,0,0,0,0,0,0,2,3,13,13
1dg,5,5,5,5,3,3,6,7,5,4,1,1,6,4,7,7,4,4,5,2,2,3,3,2,2,1,3,2,2,3,2,2,6,6,19,18
1dg,1.5,1.5,5,4,2,3,1,0,3,4,1,1,4,2,7,4,1,1,3.5,0.5,0,0,0,0,2,2,3,3,3,3,0.5,0,6,6,13,13
1dg,4.5,4,4,4,3,3,0,0,4,3.5,1.5,1,3,2.5,5,5.5,4,4,5,2,4,3.5,1,0,2,1.5,3,1.5,1.5,2,0,0,0,0,17,18
1dg,5,5,5,2.5,2.5,1,6,3,3.5,3.5,1.5,0,5,2,7,5,4,4,4,0,3,3,3,2.5,2,2,3,3,6,3.5,0,0,6,6,16,16
1dg,3.5,3.5,0,0,2.5,1.5,0,0,2.5,3,0,0.5,0,0,0,0,2.5,2.5,1,0.5,1,0,0,0,1.5,1.5,3,1.5,0.5,0,0,0,0,0,17,17
1dg,5,5,5,5,3,2.5,7,7,4,4,1.5,0.5,6,6,6,6.5,3.5,4,5,5,6,5,5,5,2,2,3,3,7,7,2,2,6,4.5,20,20
1ef,4.5,4.5,5,3,2.5,2,5,2.5,3.5,3,0.5,1,2,2.5,2,4,0.5,0.75,3,3.5,4,1.5,2,2,2,2,3,2,2,1,0,0,5.5,4,12,12
1ef,0,0.5,1.5,1,2.5,3,5,3,4,3,1,1.5,1,0,2,3,0,0,3.5,3.5,0,0,0,0,1.5,1,0,0,0,0,0,0,0,0,11,11
1ef,3.5,3,1.5,0,3,3,5,4.5,4,4,1,1,2,2,5,5,1.5,1.5,4,4,4,2.5,0.5,0.5,2,1.5,2.5,3,4,2,0,0,5.5,4,13,13
1ef,4,5,4.5,4,3,2,0,0,3,2,0,0,2,3,5,5,1.5,1.5,2.5,3,3,4,0,0,2,1.5,2.5,1.5,4,3,0,0,0,0,11,11
1ef,4,3.5,4.5,3,2.5,2,0,0,4,3.5,2,1.5,0,0,4,4,0,0.5,2.5,2.5,3,2,1,0.5,2,2,2.5,2,2.5,2.5,0,0,5,5.5,14,14
1ef,5,5,5,5,3,2,4,3.5,4,3.5,1.5,1,5.5,5,5.5,5.5,4,4,4,3.5,4.5,4.5,2,1.5,2,1.5,2,1.5,3,3,0,0,4,3,20,20
1ef,5,5,5,4.5,2.5,3,7,7,4,3.5,1,1,2,1.5,8,6,4,4,5,5,6,4,5,5,2,2,3,3,3,2.5,2,2,6,6,19,19
1ef,4,4,4,2.5,2,2,4,2.5,2.5,2,0,1,3.5,2,0,1.5,2.5,2.5,4,4.5,1,1.5,1.5,0,2,2,0,1.5,2,2,0.5,0,6,6,17,17
1ef,0,0,0,0,0,0,0,0,0,0,0,0,0,0,0,0,0,0,0,0,0,0,0,0,0,0,0,0,0,0,0,0,0,0,0,0
1ef,5,5,5,5,3,3,2,2,4,2.5,1.5,1,3,3.5,3,5,4,4,3,3.5,3,2,2,0.5,2,2,3,3,3,1.5,2,2,5.5,5,15,15
1ef,5,5,5,5,3,3,5,4,4,2.5,1,1,3,1.5,5.5,4,4,3.5,1,2,3.5,3.5,0,0,2,2,2.5,3,0,0,0,0,5,5,18,18
1ef,3.5,3.25,0,0.5,0,0,0,0,3,2,0.5,1,0,0,0,0,1.5,1,2,2,1,1,0,0,1,1,1,1.5,2,0,0,0,2,1,11,11
1ef,0,0.25,0,0,0.5,1,1,1,3,2,1.5,2,4,1,0,1,2,2.5,0.5,1.5,1,0,0,0,2,2,2,1.5,3,2.5,0,0,0,0,10,10
1ef,2.5,2,5,3,0,0,1,1,2,1.5,0.5,1,0,0,1,2.5,1.5,1.5,2,3,1,1.5,2,2,1.5,1.5,3,3,1,1.5,0,0,4,4,12,12
1ef,4.5,4.5,5,5,1.5,2,3,3,4,3.5,1,0.5,4.5,4.5,6,6,4,4,3,3.5,4.5,4.5,4,4,2,2,2.5,2,2.5,2.5,1,0,4.5,5.5,18,18
1ef,5,5,4,4,1.5,2,0,0.5,3,2,0.5,0.5,1.5,1,1,1,3.5,3.5,0,0,0,0,0,0,1,1,2.5,0.5,0,0,0,0,0,0,13,13
1eg,1.5,1.25,0,0,3,3,3,2.5,3.5,2,1,1,4.5,2,2.5,3,1,0.75,3,2.5,4,2,2,1.5,1.5,1.25,2,2,0.5,0,0,0,4.5,4,12,12
1eg,0,0,0,0,0,0,0,0,0,0,0,0,0,0,0,0,0,0,0,0,0,0,0,0,0,0,0,0,0,0,0,0,0,0,11,11
1eg,5,5,4,5,2.5,2.5,0,1.5,4,3,0.5,1,4,4,6,5,4,3.5,4,3.5,5,4.5,2.5,1,2,2,3,2,2,3,0,0,5.5,4.5,18,18
1eg,4.5,4.25,2.5,3.5,2.5,1.5,1,1.5,4,3,0.5,1,4,1.5,5,3,4,3,3,3.5,5.5,3,2.5,0,2,1.5,3,1.5,2,2,0,0,5.5,4,18,15
1eg,5,5,4,4,3,1,1,1,3.5,3,1.5,2,4,3,6,4,4,3.25,3,2.5,4,1.5,3.5,1,2,2,3,2,2,2.5,0,0,6,4.5,14,14
1eg,5,5,5,5,3,3,3,2,3.5,3.5,0,0,3,2,3,3.5,2.5,2.25,5,2.5,2,2.5,0,0,2,2,3,1.5,4,2,0,0,1.5,1.5,17,17
1eg,2,1,0,0,0,0,0,0,2,0.5,0,0,0,0,4,4,0,0,3,2.5,0,0.5,1.5,0,0,0.5,0,0,0,0,0,0,0,0,10,10
1eg,4,5,5,5,2,1,3,2.5,3.5,3,0.5,1,3,2,6,3,3.5,3,4,5,4.5,4.5,3,1.5,1.5,2,3,3,2,1,2,2,0,5,18,18
1eg,5,5,5,5,2.5,2,4.5,2.5,4,4,1.5,1.5,2,0,7,5,4,4,5,4,5,4,4.5,4,2,2,3,2,3,2.5,2,2,4,5,19,19
1eg,5,5,5,5,3,3,5,2,4,4,1,1.5,2,1,5,6.5,4,4,5,3.5,3.5,4,3.5,3,2,2,3,3,7,5.5,2,2,4.5,4,19,19
1eg,5,5,5,4.5,2.5,2,2,2,2.5,3,0,0,0,0,8,4,4,3.5,4,4.5,5,5,0,0,1.5,1.5,3,1.5,1.5,2,2,2,3,3.5,15,15
1eg,4.5,4.25,4,3.5,2.5,3,4.5,3,3,2,1,2,0,0.5,3,3,4,4,4,2.5,5,3.5,0,0,2,1.5,3,1.5,0,2.5,0,0,4.5,4,14,14
1eg,4,3.75,5,2.5,1,0.5,2,1.5,3.5,2.5,1,1,4,2,6,4,0,0,4,2,0,0,0,0,1.5,1.5,3,2,2,1,0,0,4.5,4,16,16
1eg,3,2.5,1.5,1,3,2,4,2,2,1.5,1,1,0,0,5,4,0.5,0.5,5,3.5,2,2.5,2,1,1.5,1.5,2,1.5,2,2,0,0,1,1,15,15
1eg,5,5,4,5,2.5,3,2,2,3,2,0,1,5,3,6,3,4,4,4,3,2.5,2,2,1,2,2,3,3,2.5,1,0,0,4,5,17,17
1eg,5,5,5,5,2.5,2,3,2,4,3,0.5,1,6,4.5,7,4,4,4,5,3,6,5,5,3,2,2,3,1.5,7,7,0,0,4,5,20,20
1fg,4.5,4.5,4,3.5,3,3,4,3.5,3.5,3.5,1,1,4,1,6,5.5,3,6,3,3,3.5,4,3,2.5,1.5,1.5,3,3,2,0.5,0,0,3,3,17,17
1fg,4.5,4.5,5,4.5,3,3,5,5,3,3,0.5,0.5,4.5,4,5,5,1.5,1,2.5,2,2,1.5,1,0.5,1.5,1.5,3,2,2,1.5,0,0,5,5,15,15
1fg,5,5,5,4.5,2.5,3,0,5,3,3,0.5,0.5,0,4,5,1,3.5,3,4,4,4,4,1.5,0.5,1.5,1.5,3,2.5,0,0,0,0,2,2,11,11
1fg,4.5,5,5,4.5,2.5,2.5,3,3,3.5,4,0.5,1.5,3,1.5,7,5,4,3.5,4,4,5,4,1,0,2,2,3,2.5,3,1.5,1,1,4,3,17,17
1fg,4,5,5,5,3,3,4,3,3,3.5,0,0,4,2,6,5,4,4,4,3.5,4,4,5,3.5,2,2,3,2.5,1,2,0,0,3,6,13,13
1fg,5,5,5,5,3,3,7,6,4,4,0.5,0.5,3,1.5,7,6,4,4,2,2,3,3,5,7,1.5,1.5,0,0,0,0.5,0,0,4.5,4.5,19,19
1fg,5,5,5,5,1.5,1.5,6,6,4,4,0,0.5,4,3,7,6,4,4,4,3,4,4.5,3,4.5,2,2,3,2,3,5.5,2,2,5,2.5,16,16
1fg,3.5,5,4,4.5,2,3,1,1,3,3.5,1.5,1.5,5,4,5,4,1.5,1.5,3,3,4,3,0,0,1,1,3,3,2,2,0,0,1.5,1.5,16,16
1fg,0,0,0,0,1,2.5,2,0,2,2,0,0,0,0,5,2,3,3,5,3,4,5,4,2.5,1.5,1.5,3,2,0,0,0,0,4.5,3,14,14
1fg,5,5,5,5,3,3,0,1,4,4,0,0.5,4,3,7,5,4,4,4.5,4,4,3.5,0,0,2,2,3,3,2,3,2,2,4.5,6,16,16
1fg,5,5,5,5,3,3,1,2.5,4,3.5,1,1,6,2,6,4,2,2,4,1,3,3,2,0,2,2,3,2,0,0,0.5,0.5,5.5,6,13,13
1fg,5,5,4,3.5,3,1.5,7,5.5,3,4,1,1,4,1.5,7,5,3,4,4,4,3,5,0,0,2,2,3,3,1,2.5,2,2,6,6,16,17
1fg,0,0,0,0,2,2,1,5,1,0,0.5,0,0,0,3,2.5,0,0,0,0,0,0,0,0,0.5,1,2,1,0,0,0,0,0,0,6,6
1fg,5,5,4,4,3,2.5,3,5,2,4,0,0,4,2.5,7,7,4,4,5,2.5,5,4.5,5,4,2,2,3,2.5,3,2,0,0,6,6,13,13
1fg,3,4,3,2.5,3,1.5,1,3.5,2.5,2,1,1,4,3.5,6,5.5,4,4,5,2.5,4,4,2.5,1,1.5,1.5,3,2.5,3,3,0,0,2,1,15,14
1fg,4.5,5,5,4.5,2.5,2.5,2,1,4,4,1.5,1,4,3.5,5,4.5,3,3,4,2,2,2,0,0,2,2,3,2.5,1,1,0,0,6,5,9,10
2ab,4,4,3,3,3,3,5,4,4,4,1,1,5,5,1,1,3,3,4,3,0.5,0.5,0,0,2,2,1,1,1,1,1,1,6,6,17,17
2ab,4.5,4,4,4,3,3,6,4,4,4,2,2,5,5,6,6,4,4,4,4,5,5,5,5,2,2,3,3,6,6,2,2,6,6,20,20
2ab,5,5,4,4,2,2,1,1,3,3,1,1,4,4,6,6,3.5,3.5,5,5,5,5,0,0,2,2,3,3,5,5,0,0,5,5,19,19
2ab,5,5,2,2,1,1,1,1,3,3,2,2,4,4,2,2,3,3,3,3,4,4,0,0,1,1,1,1,4,4,0,0,0,0,17,17
2ab,5,5,4,3,3,3,5,5,4,3,0,0,4,4,6,4,4,4,4,1,4,3,5,5,2,2,3,3,5,3,2,2,6,6,18,18
2ab,2,2,3.5,1,3,3,4,2,3,2,2,2,4,4,3,3,4,1,5,2,4,2,3,3,1,1,3,3,5,2,0,0,5,3,13,13
2ab,0,0,0,0,0,0,0,0,0,0,0,0,0,0,0,0,0,0,0,0,0,0,0,0,0,0,0,0,0,0,0,0,0,0,10,10
2ab,5,5,4,4,3,3,6,4,4,2,0,0,5,5,5.5,4,4,2,5,3,5,3,5,5,2,2,3,3,4,2,2,2,6,6,19,19
2ab,3,3,1,1,1,1,0,0,3,3,1,1,1,1,0,0,3,3,3,3,1,1,0,0,2,2,1,1,1,1,0,0,6,6,11,11
2ab,5,5,3,3,2,2,2,2,3,3,2,2,2,2,4,4,4,4,5,5,5,5,4,4,2,2,3,3,4,4,0,0,6,6,13,13
2ab,5,5,3.5,3.5,3,3,2,2,2,2,1,1,4,4,5,5,3,3,3,3,4,4,0,0,2,2,2,2,4,4,2,2,6,6,17,17
2ab,0,0,0,0,0,0,0,0,0,0,0,0,0,0,0,0,0,0,0,0,0,0,0,0,0,0,0,0,0,0,0,0,0,0,0,0
2ab,5,5,3,3,3,3,6,6,3,3,2,2,4,4,5,5,4,4,4.5,4.5,4,4,3.5,3.5,2,2,3,3,5,5,0,0,6,6,19,19
2ab,1,1,0,0,0,0,0,0,0,0,1,1,0,0,0,0,1,1,1,1,0,0,0,0,1,1,1,1,1,1,0,0,0,0,6,6
2ab,0,0,0,0,0,0,0,0,0,0,1,1,0,0,0,0,1,1,1,1,0,0,0,0,1,1,1,1,1,1,0,0,0,0,12,12
2ab,4,4,3,3,3,3,0,0,1,1,0,0,0,0,1,1,0.5,0.5,1,1,1,1,0,0,2,2,0.5,0.5,1,1,0,0,0,0,10,10
2ac,3,2,4.5,4,3,3,1.5,2,3.5,3,0,1,2,3,5,5,4,4,3,4,2,1,0,0,2,3,1.5,2,6,5,0,0,6,6,13,13
2ac,5,5,4.5,4,3,3,7,6,3.5,4,1,2,3,1,5,6,4,4,4,2,5.5,6,5,4,2,2,1.5,2,5,4,2,3,6,5,19,19
2ac,4,3,1,2,2.5,3,1,2,3.5,3,1.75,2,3,2,8,7,4,3,2,3,3,3,2,3,"2 (1,5)",2,2,2,3,2,0.5,1,1.5,2,13,13
2ac,4,4,4,4,3,3,0,0,3.5,3,0,0,2,3,6,5,0.5,1,4,4,2.5,2,3,3,"1,5 (2)",1,1.5,2,1,1,0,0,0,0,15,15
2ac,5,4,5,4,3,2,3,2,3.5,4,0,1,3,2,6.5,7,4,4,4,3,6,5,3,4,2,2,1.5,2,2,3,0,0,3.75,3,15,15
2ac,3.5,2.5,3.5,1,3,3,0,0,3.5,3,1,2,3,4,3.5,4,3,2,3,4,1.5,3,3,3,2,1,1.5,2,2,3,2,1,4.5,3,11,11
2ac,0,0,0,0,0.5,1,0,0,0,0,0,0,0,0,0,0,0,0,0,0,0,0,0,0,0,0,0,0,0,0,0,0,0,0,2,2
2ac,4,4,4,5,3,3,4,5,3,2,0.5,1,0,0,7,6,4,4,4,4,4.5,4,5,4,2,2,1.5,2,4,5,2,2,6,6,17,17
2ac,5,4,5,4,3,3,1.5,3,3,3,0.5,1,1,3,8,6,4,4,5,4,2.5,2,0,0,2,2,3,3,3,4,0,0,6,5,17,17
2ac,4.5,5,3.5,4,3,3,5,5,4,4,0,1,1,3,5,4,4,4,4,4,3.5,4,2,3,"2 (1,5)",2,1.75,2,7,6,0.5,1,6,5,19,19
2ac,1.5,1,0,0,1,0,0,0,2.5,2,1,1,0,0,0,0,0,0,2,1,0,0,0,0,2,1,1.5,1,4,4,0,0,1.5,1,8,8
2ac,0,0,0,0,2,1,0,0,2.5,1,0,0,0,0,0,0,0,0,0,0,0,0,0,0,0,0,0,0,0,0,0,0,0,0,7,7
2ac,2.75,3,5,4,0.5,2,3,4,4,3,0,0,1.5,2,3.5,4,4,3,1,2,5.5,5,3.5,4,2,2,1.5,2,3,3,0,1,6,5,13,13
2ac,5,4,4,4,0,0,0,0,1.5,1,0,1,0,0,2,1,3,3,1,0,1,1,0,1,2,1,1.5,1,0,0,0,0,3.5,4,13,13
2ac,2,3,2,3,1,1,1.5,1,0 (3),0,0.5,1,0.5,1,5,4,3.5,3.5,3,3,3.5,2,0,0,1,1,0,0,3,2,0.5,1,0,0,17,17
2ac,3,2,5,3,3,4,5,4,3,4,0.5,1,2,3,6,5,2,3,2,3,4,4,5,4,2,2,3,3,3,4,0,1,2.5,3,18,18
2ad,2,1,3.5,2,2,2,4.5,2,3,4,2,1,2,1.5,4,6,0.5,1,4,4,4,4,0,0,2,2,3,1.5,2,3,0,1,4.5,4.5,12,12
2ad,4,3.5,3,4,2,2.5,3,2,4,2.5,1,1,5,3,3,3,3,3,3,1,0,0,0,1,2,2,3,3,2,1.5,0,0,0,0,14,14
2ad,3,4.5,2,3.5,2,3,5,3,2,4,1,2,3,2,3,5.5,1,1.5,3,4,2,2,2,0,2,2,2,1.5,2,1,1,0.5,5,5.5,16,16
2ad,5,5,4,3.5,1.5,1.5,2,0,2,2,1,1,0,0,0,0,3,4,3,5,1,1,1,3,2,2,3,1.5,2,2,0,0,0,2,14,14
2ad,5,4,2,4,1.5,1,0,0,4,2,0,0,0,0,0,0,3,3.5,3,3,3,1.5,0,0,2,0,3,1.5,3,2,0,0,5,4,15,15
2ad,4,5,3,5,3,2.5,0,0,1,1,1,1,0,0,3,6,2,2,4,5,2,2,2,2.5,2,2,3,1.5,0,0,0,0,0,0,13,13
2ad,1,0,0,0,1.5,0,0,0,0,2,2,1,2,1,0,0,0,1,4,1,0,0.5,0,0,0.5,0,1.5,1.5,3,0,0,0,0,3,8,8
2ad,5,5,4,5,3,3,4,3,2.5,2,0,0,0,0,5,6,3,4,4,3,3,2,5,3.5,2,2,3,1.5,3,3,2,2,3,5,13,13
2ad,5,5,4.5,5,3,3,6,3.5,3,3.5,0,0,6,2,6,8,4,4,5,4.5,5,5,4,3.5,2,2,2.5,1.5,4,5,2,2,6,5.5,20,20
2ad,4,5,3,2,1.5,0,4,1.5,0,3,1,0.5,2,2,0,2,2,2,2,2.5,3,1.5,0,0,1.5,2,2,2.5,4,3,0,0,5,5.5,12,12
2ad,5,2.5,2,0,2,0,0,0,2,3.5,1,0,0,0,0,0,0.5,0,1,0,0,0,0,0,2,1.5,0.5,0,2,0,0,0,0,0,9,9
2ad,5,5,4,4,3,2,2,3,2,3.5,2,1.5,4,1.5,4,6,4,4,3,3,4,4.5,0,0,2,2,3,2,4,3,0,0,0,4.5,17,17
2ad,5,4.5,4,5,3,3,0,0,3,3,2,1.5,4,2,5,6,1,1,5,2,0,0,0,0,2,2,3,1.5,2,2.5,0,0,0,1.5,14,14
2ad,4,4,4,3.5,2,2.5,0,1.5,2,1.5,0,0,0,0,0,0,2,3.5,1,1,2,0,0,0,2,2,3,0,0,0,0,0,0,0,13,13
2ad,4,3,4,4.5,3,3,6,5.5,4,3.5,0.5,0.5,5,5.5,7,6,4,4,5,2.5,5,2.5,4,2,2,2,2,3,4,5,0,0,5,4.5,19,19
2ad,2,4,3,3,2,1.5,3,4,2,1.5,0,0,2,0,2,4,4,3,0,0,3,4,2,1,2,2,1,1,2,3,0,0,2,1.5,18,18
2ae,1,0.5,1,1.5,1,1,1,1.5,2,2,2,1,0,0,0,0,0,0,1,0.5,0,1,0,0,0,0,0,1.5,0,1,0,0,0,1,10,10
2ae,5,4.5,4,4,3,2.5,5,6,2,3.5,2,2,5,4,6,5,4,3.5,2,2,4,5,4,5,2,1.5,2,2,5,6,0,2,6,6,20,20
2ae,5,5,3,4,2,3,0,2,2,3,2,1,3,2.5,3,4,1,2,5,3,2,2,0,0,2,2,1,1.5,4,5,0,0,0,0,19,19
2ae,5,5,4,4,3,3,5,5,0,1.5,2,0,1,0.5,0,0,4,4,2,1,1,2,0,0,2,1.5,2,1.5,1,1,2,2,4,4,14,14
2ae,5,5,3,4.5,2,2.5,4,5,4,4,1,0,2,1,3,2.5,4,4,5,4,3,3,4,5,2,2,3,1.5,3,3.5,2,1,6,6,16,16
2ae,5,5,4,5,3,3,0,0,3,3.5,2,0,1,1,4,6,4,4,4,3.5,3,4,2,4,2,2,2,1.5,3,3,0,0,1,1.5,18,18
2ae,1,2,1,3,2,3,0,0,2,3,0,0,1,2,0,0,2,3,2,3,2,2,1,2,2,2,2,2,0,0,0,0,2,3,15,15
2ae,5,5,3,2,3,3,2,1,2,3,2,0,3,2,2,5,3,3.5,5,4,4,3,3,4,2,2,2,3,2,3,1,0.5,3,1.5,15,15
2ae,5,5,4,4,2,3,5,5,1,3,1,0,4,4,5,4,4,4,5,5,4,4,4,4,2,1.5,3,1.5,5,4,2,2,6,6,20,20
2ae,4,4,1,3,1,2.5,0,0,0,1.5,0,0,0,0,0,0,1,1,1,1,0,0,0,0,2,2,1,1.5,0,0,0,0,0,0,15,14
2ae,1,1,0,0,0,0,0,0,1,2,0,0,0,0,0,0,0,0,0,1,0,0,0,0,1,2,0,1.5,0,1.5,0,0,0,1,15,15
2ae,5,5,4,5,3,3,2,1,4,3.5,2,0,2,3,4,6,4,4,4,4,3,3,0,0,2,2,2,3,2,2,0,0,3,3,17,17
2ae,3,3.5,3,4,2,2,0,0,3,2.5,1,0,3,2,5,5,3,2.5,2,3,3,4,0,0,2,2,2,1.5,4,4,0,0,0,1.5,16,16
2ae,5,3.5,2,4,0,0,2,2,1,1,1,0,2,3,2,1,0,1,2,1,0,0,0,0,2,2,2,1.5,4,5,0,0,0,0,11,11
2ae,,4,,3,,1,,0,"",3.5,,0,,0.5,,5.5,,4,,4,,4,,0,"",4,,1.5,"",2,,1,,0,,14
2ae,,4.5,,4.5,,1,,0,"",4,,0,,1,,6,,0,,2.5,,1.5,,0,"",2,,1.5,"",3,,0,,1.5,,9
2af,5,5,4,5,3,3,5,6,2.5,2,2,1,2,3,6,6,4,4,5,4,4,6,4,5,2,2,3,3,6,6,0,1,4.5,5,17,17
2af,5,4,4,3,3,2,5,4,4,3,2,1,5,4,5,3,4,2,2,2,3,3,3,3,1,0.5,1,2,1,2,2,2,6,6,18,18
2af,5,4.5,4.5,4.5,3,2,3,4,4,4,1,1,4,4,6,6,4,3,4,3,3,4,4,4,2,1.5,2,3,3,3,2,2,6,6,20,20
2af,3,3,0,0,0,0,0,0,2,0,0,0,0,0,0,0,0,3,0,2,0,0,0,0,2,2,2,3,0,0,0,0,0,0,11,11
2af,5,4,4,4,3,2.5,1,2,3,2,0,0,2,2,0,0,1,1.5,4,3,3,3,0,0,2,1.5,3,2,3,4,0,0,4,5,15,15
2af,0,0,0,0,0,0,0,0,0,0,0,0,0,0,0,0,0,0,0,0,0,0,0,0,0,0,0,0,0,0,0,0,0,0,10,10
2af,5,5,3,4,3,2.5,0,0,2.5,2,0,0,0,0,0,1,1,1,4,2,3,2,0,0,2,1.5,2,2,0,0,0,0,0,0,13,13
2af,1.5,2,0,0,2,2,0,0,4,3,0,0,2,0,0,0,0,0,5,2,1,2,0,0,0,0.5,0,0,0,0,0,0,0,0,12,13
2af,4,4.5,2.5,3,3,3,5,5,4,4,2,1,0,0,4,4,3.5,4,3,2,2,2,1,0,1,1.5,3,2,5,5,0,0,6,6,17,17
2af,3,3,4,3,2,1.5,1,0,1,0.5,0,0,2,1,5,2,3,2.5,3,1,3,5,1,3,1,1,3,3,6,3,0,0,4,4,14,15
2af,5,4,3,3,2,1.5,0,0,4,3.5,0.5,0,4,3,5,8,1,1,3,2,3,4,0,0,2,2,2,3,1,0,0,0,0,0,15,15
2af,5,5,3,2,2,3,3,0,4,2,2,1,0,0,3,3,4,3,1,0,3,4,0,0,2,1.5,0,0,2,0,2,2,3,4,9,9
2af,5,5,4.5,4,3,3,6,7,3.5,4,1,1,5,5,6,7,4,4,5,5,4,6,5,5,2,2,3,3,6,4,0,0,5,6,19,19
2af,2,2.5,0,0,1,1.5,2,0,3,1,2,2,0,0,3,3,0,0,1,0,0,2,0,0,1.5,1,2,3,1,0,0,0,0,0,11,12
2af,5,5,4,5,1.5,1.5,2,0,4,2,2,0,1,2,6,4,4,4,2,1,4,4,4,4,2,2,2,1.5,3,3,2,2,5,6,15,15
2af,5,5,4,4,2,2,3.5,4,3.5,4,2,1,5,4,5,5,4,3,4.5,2,5,4,3.5,3.5,2,2,2.5,3,5,5,0,0,0,0,19,19
2ag,5,5,5,4,3,2,6,5,4,3,2,2,5,5,6,6,2,4,3,5,4,4,2,1,2,2,3,3,5,4,2,2,6,6,19,19
2ag,0,0,0,0,0,0,0,0,2,1,0.5,2,0,0,1,0,0,0,1,0,1,0,0,0,1,0,0,0,1,0,0,0,0,0,10,10
2ag,4,5,2,1,1,1,0,0,1.5,2,0,2,2,0,2,2,3.5,3,4,4,2,2,3,2,1,1,0.5,0,0,0,0,0,0,0,12,12
2ag,5,5,3,3,3,2,0.5,2,2,3,2,2,3,2,2,3,4,4,5,5,3,2,4,3,2,2,3,3,4,4,2,2,4.5,2,17,16
2ag,1,1,0,0,1,0,0,0,1,1,0,0,0,0,0,0,0,0,1,0,0,0,0,0,1,0,1.5,0,2,0,0,0,0,0,10,11
2ag,5,5,3,2,2,2,1,0,3,2,0,0,0,0,3,2,1,1,4,4,3,2,2,1,2,2,3,2,1,1,,0,1.5,1,13,13
2ag,1,0,1,0,2,0,0,0,2,1,0,0,3,2,0,0,0,1,0,0,0.5,0,0,0,1.5,1,1,0,0,0,0,0,0,0,7,7
2ag,0,0,0,0,1,0,0,0,2,0,0,0,0,0,0,0,0,0,2,1,0,0,0,0,0.5,1,2,0,2,0,0,0,0,0,9,9
2ag,5,5,5,5,3,3,7,6,3,3,1,2,6,4,7,6,4,4,5,5,5,5,5,5,2,2,3,3,3,4,2,2,6,6,17,17
2ag,5,5,5,3,3,2,4,5,2.5,2,0,1,1,3,4,5,4,3,5,5,4,4,5,5,2,2,3,3,7,5,2,0,5,6,20,20
2ag,5,5,5,4,3,3,7,6,3.5,4,0.5,2,6,4,8,6,4,4,5,5,6,5,5,5,2,4,3,3,6,5,2,3,6,5,18,18
2ag,5,5,3,2,3,2,1,1,3.5,3,0.5,1,2,2,3,2,3,4,3,3,1,0,1,0,2,2,0,0,0,0,2,2,4.5,4,13,13
2ag,5,5,5,4,3,3,5,5,2,3,1.5,2,4,4,4,6,4,4,5,5,6,5,5,3,2,2,2,3,3,3,2,2,6,4,19,19
2ag,3,2,2,2,2,1,3,0,1,1,0,1,,0,3,2,2,2,1,1,1,0,,0,1.5,1,1.5,1,1,0,0,0,6,4,9,10
2ag,0.5,1,1,1,0.5,0,1,0,2,2,,0,,0,1,0,0,3,2,1,1,0,,,1,1,1.5,1,3,1,0,0,0,0,8,8
2ag,2.5,2,2,2,2,1,2,2,3.5,4,1,1,0,0,2,1,1,2,3,3,1,0,0,0,1.5,1,1,1,1,0,0,0,3,0,10,10
2bc,5,5,5,5,3,2,5,6,3.5,3,0.5,1,3.5,2,3.5,4,3.5,3,2,2,4.5,2,3.5,1,1.5,2,1.5,1.5,5,1,0,0,3,2,16,16
2bc,1,0.5,0,0,0,0,1,0,2.5,2,0,0,0.5,2,0.5,0,0,0,0,0,0,0,0,0,1,0.5,0,1.5,3,3,0,1,0.75,1,13,13
2bc,5,5,5,5,3,2,4.5,6,4,4,1.5,2,0,3,5,6,4,4,5,4,3.5,5,3,5,2,2,3,3,3,6,2,2,6,5,20,20
2bc,4,4,4,5,2,1,2,2,3.5,3,0.5,0,2,1,5,5,2.5,3,4,4,4,3,0,0,2,2,1.5,1.5,2,2,0,0,1.25,0,17,17
2bc,5,5,5,4,2.5,1,2,1,3.5,4,1,1.5,0,0,5,3,3,3,3,2,5,4,2.5,2,1.5,2,1.5,1.5,1.5,3,0,0,4.5,3,16,16
2bc,4,4.5,5,4,3,1,2,2,4,2,0,0,1,2,5,3,2.5,3,4,1,4.5,2,1.5,0.5,2,2,1.5,1.5,4,3,0.5,1,2.25,1,14,14
2bc,3.25,3.5,3.5,2,0,1,0,0,4,2,1,1,0,0,0,0,0,0.5,1,1,0,0,0,0,1.5,1.5,0,0,0,0,0,0,6,4,7,7
2bc,4,5,4,3,2,1,1,1,0,0,1,0.5,0,0,5,1,3,4,1,1,1,0,5,2,1.5,1.5,1.5,1.5,2,1,0,0,4.5,3,15,15
2bc,4.5,4,5,5,3,2,3,2,4,4,2,1,4,3,4,2,2,4,2.5,3,3.5,3,5,3,1.5,1,1.5,1.5,4,2,1,1,6,5,20,20
2bc,4,4,4.5,4,3,2,0,0,4,4,1,0,0.5,0,5,4,3,4,2,1,3,3,2,1,2,2,2,1.5,2,2,0.5,2,3,1,15,15
2bc,5,5,5,5,3,2,2,2,3,4,0,0,1.5,2,6,6,3,3,2,1,4.5,4,0,0,1.5,1,3,3,4,5,1,1,4.5,4,14,14
2bc,5,5,3.5,4,3,2,2,2,3.5,4,1,2,1,1,3,1,4,4,1,1,1,1,0,0,2,2,1.5,1.5,2,2,0.5,1,5.5,4,15,15
2bc,3.5,4,1.5,2,3,1,2,1,3.5,2,1,1,1.5,3,1.5,1,2.5,2,3,2,2.5,3,1,1,2,2,3,3,4,4,0,0,1.5,2,12,12
2bc,5,5,3.75,5,2,1,0,1,0,0,0.5,1,0,1,2,0,1,1,3,2,1.5,1,0,0,2,2,1.5,1.5,2,3,1,2,6,4,13,13
2bc,4.5,4.5,5,5,3,3,2.5,3,3,2,1.5,2,3,4,5,5,4,4,3,3,4.5,5,4,3,2,2,3,3,6,4,0,0,6,3,19,19
2bc,5,5,4,5,3,2,4,4,3,2,1,1,1,2,6,6,3,4,3,4,6,6,5,5,1.5,1.5,1.5,1.5,2.5,4,2,2,1.5,3,16,16
2bd,1,0,1.5,0,2.5,1.5,0.5,1,3,2,0.5,1,1,2,0,0,1.5,0,0.5,1,0.5,0,0,0,0,1,2.5,1,2,0,0,0,0,1,13,13
2bd,5,5,4.5,5,3,2,6.5,5,3.5,4,1,1,5.5,4,6,6,3.5,4,3.5,3,5,4,0,0,2,2,2,3,3.5,3,0,1,6,5,16,16
2bd,4,5,5,5,3,2,6,5,3.5,3,0.5,0,5,4,8,6,4,4,3,3,4,4,3.5,3,2,2,3,3,5,4,1.5,2,4,4,16,16
2bd,5,5,3.5,5,0,1.5,0,0,3.5,3,1,1,1.5,0,7,4,3,3.5,1.5,3,3,3,4.5,3,0.5,0,0,0,2,1,0,0,5,4,15,15
2bd,4,5,0,2,0,1,0,1,0,1,0,0,0,0,0,1,0.5,0.5,2,2,2,0,2,1,2,2,1,1.5,1,1,0,0,0,0,13,13
2bd,4,4,0,1,3,1.5,0,0,3.5,2,0,0,2,2,0,0,3,3,1,2,2,2,0.5,0,1,1,1.5,1.5,0,0,0,0,0,0,10,10
2bd,4.5,4.5,4,4,2.5,2,1.5,2,3.5,3,1,0,5.5,3,5,3,0.5,1,1,2,2,1,0.5,1,2,2,3,3,4,4,0,0,0,1,15,15
2bd,0,0,0,0,2,1.5,0.5,1,2,1,0,0,0,0,0,0,0,0,0,0,0,0,0,0,0.5,1,0.5,1.5,0.5,0,0,0,0,0,9,9
2bd,5,5,5,5,3,2,4,4,4,4,0,1,6,4,8,7,4,4,5,4,6,6,4,4,2,2,2,2,4,3,2,2,5.5,6,20,20
2bd,3.5,3.5,4.5,3,2,2,1,1,2,2,0,0,0,0,8,6,2.5,3.5,3,2,3.5,3,0,0,2,2,3,2,2.5,4,0,0,4,3,14,14
2bd,5,5,4,5,3,3,7,7,3.5,4,0,1,3,3,6,6,3.5,4,2,2,3,5,0,0,2,2,2,1.5,2,3,2,2,4,3,14,14
2bd,5,5,5,5,2.5,1.5,4,4,3,3.5,2,1,0,0,8,6,4,4,3.5,4,4,4,0,0,2,2,2,1.5,3.5,4,1,2,6,5,0,0
2bd,3.5,4,4.5,4,2.5,3,5,6,4,4,1,1,3,3,8,6,3.5,4,4.5,4,3,5,2,3,2,2,1.5,1.5,2,2,1.5,2,6,5,18,18
2bd,4,4.5,4,5,1,1.5,0,0,2,3,1.5,1,0.5,0,6,4,1,2,1,1,2,3,0,0,1.5,1.5,2,1.5,2,2,0,1,4,4,10,10
2bd,0.5,0.5,0,0,0,0,0,0,0,0,0,1,0,0,6,2,1,0,5,2,0,0,0,0,2,2,0,1,2,0,0,0,0,3,8,8
2bd,5,5,4.5,5,3,3,7,7,3,4,1.5,1,5,3,8,8,4,4,2,3,6,6,4.5,5,2,2,3,2,4,6,2,2,3.5,4,20,20
2be,1,1,0,1,1,2,2,3,2,2.5,1,0,1,0,0,1,0.5,1,1,2,1,1,0,0,1.5,1.5,1.5,1.5,1,2,0,0,1,3,13,13
2be,5,5,5,4,2,3,2,4.5,1,1,0,1,0,2,1,4,4,4,1.5,2.5,2,2,1,0,1.5,1.5,1.5,1.5,2,3,0,0,5,5.5,16,16
2be,4,4,2,3.5,1,2.5,0,0,2,3.5,1,0,0,0,2,3.5,0,0,1,2,0,2.5,0,0,2,2,1.5,1.5,0,0,0,0,0,0,8,8
2be,4.5,4.5,2,4,1,2,1,2,4,3,0,0,0,0,0,2,0,0,1,1.5,0,2.5,0,0,1,1,1.5,1.5,0,2,0,0,0,0.75,11,11
2be,5,5,4,4,2,2,5,4,4,4,1.5,1,2,2,4,4,4,4,3,3,4,4,3,3,2,2,1.5,1.5,5,3,0,0,0,0,16,16
2be,4.5,4.5,5,4.5,2,3,0,1,4,2,0,0,3,4,0,1,4,2,3,5,3,4,0,0,2,2,1.5,1.5,0,0,0,0,0,0,16,16
2be,4,4,2,1.5,0,1.5,1,1,0,2,1,0,0,0,0,0,1,1,1,1.5,0,1,0,0,2,2,2,1.5,0,0,0,0,3,3,9,9
2be,5,5,5,4,1.5,3,3,5,4,3.5,1,1,2,2.5,4,3,4,4,2,4,2,3.5,2,2.5,2,1.5,3,3,4,4.5,2,2,4,5,19,19
2be,5,5,5,4,3,3,7,6,4,4,1,0,3,3,6,7,4,4,4,4.5,5,5,4,5,2,1.5,3,3,7,7,2,2,5,5,18,18
2be,1,1,0,0,0,0,0,0,0,2,0,0,0,0,0,0,0,0,0,0,0,0,0,0,0,0,0,0,0,0,0,0,0,0,8,8
2be,5,5,4,3.5,1.5,2.5,1,2,4,4,0,0,1,2,2,6,4,4,3,2,2,3,0.5,2.5,1.5,1.5,1.5,1.5,1,1,0,0,2,3,10,10
2be,1,1,0,0,0,0,0,0,0,0,0,0,0,0,0,0,0,0,0,0.5,0,0,0,0,0,0,0,0,0,0,0,0,0,0,9,9
2be,5,5,5,5,2,2,5,6,3,2,0,1,3,3,6,6.5,2,2,2,2.5,5,5.5,0,0,2,2,3,1.5,5,3.5,2,2,3,3,18,18
2be,5,5,5,5,3,3,3,3,4,4,1,0,2,3,4,5,4,4,3,5,3,3,4,5,2,2,3,3,2,3,1,1,5,5.25,16,16
2be,1,1,2,5,0,0.5,0,1,0,0,1,0,2,2,0,1,0.5,0.5,2,3,0,1.5,0,0,1,1,1.5,1.5,0,0.5,0,0,0,0,10,10
2be,5,5,5,4,1.5,1.5,1,0,3.5,3.5,1,1.5,3,3,3,3,3.5,3.5,3,4,2,3,2,3.5,2,2,1.5,1.5,2,3.5,1,0,2,3,15,15
2bf,2,1,0,0,3,1,0,0,0,1,0.5,1,2,2,3,1,1,1,2,3,2,0,0,0,1,1,3,3,0,0,0,0,0,3,11,10
2bf,0,0.5,0,,1.5,0,0,,0,0,0,0,0,0,0,0,0,0,1,0,0,0,0,0,0.5,0,0,0,0,0,0,0,0,0,14,14
2bf,4,4.5,4,4,0,0,2,1,4,4,1,1,2,1,3,3,3.5,2,3.5,2,2,0,1,0,0.5,0.5,2,1.5,2,0,0,0,3,2,20,20
2bf,5,5,5,4,3,1.5,0,0,1,3,0,0,0,0,0,0,4,4,1,3,4,3,3.5,3,2,3,3,1.5,0,2,0,0,6,5,13,14
2bf,5,4.5,5,4,3,3,6,4,4,3,2,1,2,2,6,5,4,4,4,3,5,4,5,4,2,1.5,3,3,3,3,0,0,0,0,19,18
2bf,5,5,5,5,3,1,6,3,3,2,0,0,3,1,6,6,1,0.5,3,3,4,2,0,0,2,2,3,3,5,3,0,0,4.5,4,17,18
2bf,0.5,0,0,0,0,0,0,0,0,0,0,0,0,0,0,0,0,0,1,0,0,0,0,0,1.5,1,0,0,0,0,0,0,0,0,8,8
2bf,0,2,0,0,0,0,0,0,0,0,1,1,0,0,0,0,0,0,0,1,0,0,0,0,0.5,1,1,1.5,2,1,0,0,0,0,9,9
2bf,5,5,4,3,3,2,6,4,3.5,3,1.5,1.5,2,2,8,6,4,4,3.5,3,6,3,5,5,2,2,3,2,6,6,2,2,6,5,15,15
2bf,4,5,3.5,4,3,1.5,0,1,3,4,1,1,1,1,0,0,4,4,3,2,3,3,3,1,2,4,1.5,1.5,3,1,0,0,0,0,13,12
2bf,3,5,3,2,0,0,0,0,2,0,0,0,0,0,0,0,2,2,2,2,0,0,0,2,0.5,0.5,1.5,1,2,2,0,0,0,0,10,10
2bf,4.5,4.5,3,4,2,1,0,0,3,4,0,0,0,0,2,0,0,0,2,1,0,0,0,0,1.5,1.5,0,1.5,0,0,0,0,0,0,11,11
2bf,5,5,5,5,3,1.5,6,6,3,4,1,1,4,1,8,4,4,4,2,2,4,5,5,4,2,2,3,3,3,6,2,2,6,5,16,16
2bf,4.5,5,2.5,4,1.5,1.5,0,1,2.5,2,0,1,0,0,2,2,1.5,3,2,2,2,2,0,0,2,2,1.5,1.5,0,0,0,0,2,2,15,15
2bf,0,1,0,0,0,0,0,0,0,0,0,0,0,0,0,0,0,0,1,0,0,0,0,0,0,0,0,0,0,0,0,0,0,0,11,11
2bf,1.5,1.5,0,0,1,0,0,1,0,0,0,0,0,0,0,0,0,0,0,0,0,0,0,0,0,0,0,0,0,0,0,0,0,0,10,9
2bg,3.5,4,4,3,3,1,0,0,2.5,2,1,1,2,1,2,2,0,0,3,2,0,0,,0,1.5,1.5,2,2,3,2,0,0,1.5,1,18,18
2bg,0.5,1,2,0,0.5,0.5,1,0,0.5,0,1,0,,0,,0,0,0,3,1,0,0,,0,1,0.5,1,1,1,0,,0,,0,10,10
2bg,5,5,5,5,3,2,3,1,3.5,3,0,0,2,1,4,3,4,4,5,5,3,2,2,1,1.5,2,1,1.5,0,0,,0,0,0,14,14
2bg,4.5,5,3,3,3,2,,0,1,2,,0,1,1,0.5,0,1,1,2,0,2,2,0,0,2,2,1,1.5,0,0,0,0,1.5,1,11,11
2bg,5,5,5,5,3,3,4,5,3.5,4,1,1,6,4,6,6,4,4,4,4,4,3,5,5,2,2,3,3,5,5,2,2,4.5,4.5,19,19
2bg,5,5,3.5,5,2,2,3,2,2.5,3.5,0,0,5,3,4,4,3,3,4,2,1,0,0.5,0,2,2,3,3,"",0,0,0,2,2,13,13
2bg,0,0,3,2,2,1,1,2,2,2,0,0,0.5,2,2,2,0,0,3,1,0.5,0,3,1,1,1.5,,0,2,1,1,1,4.5,4,13,13
2bg,3.5,5,2,1,3,2,2,1,1,0,0.5,1,,0,0,0,,0,3,2,0,0,,0,2,2,1.5,1.5,1,1,0,0,5,3,9,9
2bg,5,5,5,5,3,3,4,4,4,4,2,2,6,5,4,4,4,4,4,3,4,3,4,4,1.5,1.5,1,1.5,4,3,0,0,4.5,4,18,18
2bg,2.5,4,0,0,2,0,1,0,2.5,0,0,0,3,1,1,0,1,1,3,1,0,0,0,0,1,1,0,0,1,0,,0,,0,6,6
2bg,4.5,5,4,3,3,3,2,2,3,3,0,0,0.5,1,4,4,3,4,4,3,5,4,2,1,2,2,1,1.5,4,3,1,1,4.5,2,12,12
2bg,4.5,5,5,5,3,3,5,5,3.5,4,1,1,5,2,5,4,4,4,3,3,6,6,2,4,2,2,3,3,6,6,2,2,6,4,17,17
2bg,4.5,5,5,4,2,2,4,4,3.5,4,1,1,2,1,4,3,3,2,3,2,0,0,,0,2,2,1.5,3,2,1,0,1,4.5,3,17,17
2bg,0,0,0,0,2,1,0,1,2,2,1,1,0,1,1,2,0.5,0,3,1,0,0,0,0,0.5,1,0,0,0,0,0,0,0,0,12,12
2bg,4.5,5,0,0,2,2,0,0,3,4,0,0,0,0,1,2,2.5,2,5,2,1,2,,0,2,2,0,0,0,0,0,0,0,0,12,12
2bg,3.5,3.5,3.5,4,2,2,3,2,3,2,,0,4,3,3,3,2.5,2,3,2,,0,,0,2,2,2,1.5,2,2,,0,1.5,2,15,15
2cd,5,5,5,4.5,3,3,7,5,3.5,3,0.5,1.5,4.5,5,6,6,2,2,2,1,4.5,3,3.5,4,1.5,1.5,1.5,0.5,5,4.5,2,2,6,5.5,18,18
2cd,5,5,5,5,3,3,2,2.5,4,3.5,2,2,6,6,6,8,4,4,5,5,4,5,2,1,2,2,3,2,6,6,2,2,6,5,19,19
2cd,5,5,5,4,3,2,1,0,3.5,4,0,0,2,1.5,7,8,3,3,2,3,5,4,4,2,2,2,1.5,2.5,3,3,0,0,0,0,14,14
2cd,5,5,5,5,3,3,7,6,3.5,4,0.5,0.5,4,4.5,8,8,4,4,1,2.5,3.5,4,5,5,2,2,3,3,7,7,0,0,6,5.5,17,17
2cd,4.5,4.5,4,3,3,2.5,4,3.5,3,2.5,1.5,1.5,2,1,5.5,6,4,4,3,4,3,3,5,5,2,2,1.5,1.5,3,2.5,1,1,6,5.5,13,13
2cd,3,3,3,1.5,3,3,0,0,3.5,3.5,0,0,0,0,0,0,3,3,2,3,2.5,2,3.5,3.5,1.5,2,1.5,2.5,3,1,0,0,6,5,14,14
2cd,3.5,3.5,3.5,2,2,1.5,0,0,2.5,2.5,0,0,0,0,3,1.5,2,1.5,2,1.5,2.75,1.5,0,0,2,2,1.5,1.5,1,1,0,0,0,0,8,8
2cd,5,5,5,4.5,3,2,1,1,1,1,0.5,1,0.5,0.5,3,2,4,4,1,1.5,3.5,3,0,0,2,2,3,2,1,1,0,0,1.5,1,17,17
2cd,1.5,1.5,0.5,0,0,0,0,0,0,1,0,0,0,0,0,0,0,0,0,0,0,0,0,0,0.5,1,0,0,0,0,0,0,0,0,11,11
2cd,1,0,0,0,3,2.5,0,1,2.5,1.5,0.5,1.5,0.5,2,2.5,3,1,0.5,2,3.5,2,1.5,0,0,2,2,3,1.5,4,5,0,0,6,5.5,15,15
2cd,3.5,3.5,4,2.5,3,1,0,1,4,4,0,0,0.5,1,5,3.5,3,3.5,2,3,2.25,2.5,0,0,1.5,2,1.5,2.5,6,5,0,0,1.25,1.5,18,18
2cd,5,5,5,5,3,3,3,4,2.5,2,0.5,1,2,1.5,6,5,4,4,5,5,4,5,0,0,2,2,2.5,2.5,6,4,2,2,4.5,3.5,19,19
2cd,5,5,5,5,3,2,1.5,0,0,1,0,1,1.5,1,5,3,0,0,2,1,1,0,0,0,1.5,2,1.5,0,2,0.5,0,0,0,0,9,9
2cd,5,5,5,5,3,3,3,3,3.5,3.5,0,0,3,2.5,6,6,4,4,1,1,2,0.5,0,0,2,2,1.5,1.5,2,2,0,0,6,4.5,16,16
2cd,1.5,1.5,1,0,3,3,0,0,2.5,2,0.5,1,0,0.5,2,0,3,2.5,4,4.5,2,0,0,0,0.5,0.5,1.5,0.5,0,0.5,0.25,0,0.75,0,9,9
2cd,4,3.5,3,3,3,3,1,2,4,3,0.5,1,0,0,4,4,3,4,4,5,2.5,2,3.5,3.5,1.5,1.5,3,3,2,2,0,0,6,5,16,16
2ce,2,2,3,3,3,3,0,0,2,3,1,0.5,0,0,1,2,1.5,1.5,3,2,2,0,0,0,2,2,1.5,1.5,2,1,1,0.5,0,0,12,12
2ce,2.5,2.5,0,0,2,2,0,0,1,1.5,1,1,1,0.5,4,2,0,0,1,1,0,0,0,0,1,1,1.5,1.5,1,0.5,0,0,0,0,8,8
2ce,4,4.25,3.5,4,2,2.5,3,3,3,3.5,1,0.5,4,5,6.5,6,2.75,5.25,4,3,4,4,3,1.5,2,2,1.5,1.5,5,5,2,1,3,3,16,16
2ce,5,5,4,4,2.5,3,0,0,3,3,1,1.5,2,1,5,5,4,4,4,3,4.5,3,5,3,2,2,1.5,1.5,0,1,0,0,3,3,14,14
2ce,5,5,3,3.5,2,2.5,6,7,3.5,4,1,1,3,2,6,4,3.5,3.5,4,3,4,3.5,3,3,2,2,1.5,3,4,2,1,0.5,6,6,16,16
2ce,4,4,5,5,3,3,5,2,3,3.5,0,0.5,0,0,6.5,5,4,4,5,2,2.5,1,1,0,2,2,1.5,1.5,7,3,0,0,5.5,6,19,19
2ce,4.5,4.5,4.5,3.5,2.5,2,3,2,1,1.5,0,0,3,1.5,6.5,6,4,4,2,1,5.5,2.5,5,5,2,2,1.5,3,3.5,3,1,0,6,4.5,19,19
2ce,4,4,0,1,2,2,2.5,1,1.5,1.5,0,0,1.5,0,2,2,4,4,5,3,3.5,2,0,0,1.5,1.5,3,1.5,0,0,1,0.5,0,0,16,16
2ce,5,5,5,4.5,3,3,5,4,4,4,0,0,5,2.5,7,5,4,4,4,4,4.5,1,0,0,2,2,1.5,1.5,3.5,3,2,2,5.5,6,18,18
2ce,4,4,4.5,5,2.5,3,7,7,3.5,3.5,2,2,4.5,5,8,8,4,4,4.5,2,6,6,5,4,2,2,3,3,5,7,2,2,5,4.5,16,16
2ce,3.5,5,3.5,3.5,2,3,2,1,3.5,3.5,0,0,1.5,0,5,4,3,3,3.5,3,5,4,2.5,1,0.5,0.5,1.5,1.5,4,3,0,0,3,3,9,9
2ce,5,5,5,5,3,3,3,1,3,3.5,0,0,3.5,1.5,5.5,7,2,2,4,2,4,3.5,5,3,1.5,2,1.5,1.5,6,7,2,2,5.5,4.5,20,20
2ce,4.5,4.5,4,4,3,3,2,1,3.5,4,0,0,2,1,4,0,0,0,2,2,4,1,0,0,1.5,1.5,2,3,0,1,0,0,2,1.5,9,9
2ce,2.5,2.5,4.5,3.5,2,2,2,1,2,1.75,0,0,0,0,3,2.5,2,2,4,4,0,0,0,0,1,1.5,1.5,3,3,2,0,0,2,2.5,12,12
2ce,5,5,5,4.5,2.5,3,6,7,3.5,3.5,1,0.5,5,6,7,7,4,4,5,4,6,6,5,5,2,2,2.5,3,6,7,2,2,6,6,19,19
2ce,5,5,5,5,2.5,3,3,3,4,4,2,2,5,4,6,5,4,4,4,3,3,2.5,2,1,2,2,3,3,2,3,0,0,4.5,3.75,15,15
2cf,5,5,4,5,2,2,4,6,3,3.5,1,1,4,5,6,7,4,4,2,4,4,3.5,2,3,2,2,3,3,5,4,0,0.5,6,6,19,19
2cf,5,5,4,4,2,3,7,5,3,2,1.5,1.5,4,3,6,4,4,4,4,4,4,4.5,1,1.5,2,2,3,3,4,4,0,0,6,6,18,18
2cf,5,4.5,5,5,3,3,0,0.5,2,0,1,0.5,2,1.5,3,5,4,4,3,1,2,0,0,0,2,2,3,1.5,0,0.5,0,0,0,0,17,17
2cf,5,5,4,4,1.5,2,6,7,2,4,0,0.5,3,2.5,5,7.5,4,4,4,3,5,2.5,4,4,2,2,3,1.5,2,3,0,0,2,1.5,16,16
2cf,4,4.5,4.5,4.5,3,3,3,3,3.5,4,0,0,4,3,5,6,4,4,4,4,5,4.5,4,4.5,2,2,3,1.5,6,6,0,0,6,6,17,17
2cf,5,5,4,4,3,3,0,1.5,4,3.5,0,0,0,0,2,2,4,4,2,2,3,2,0,0.5,1,2,0,0,2,3,0,0,4.5,4.5,15,16
2cf,5,5,5,5,3,3,2,3,4,3.5,1.5,1,4,1.5,6,5,4,4,3,3,5,3,0,1,2,2,3,1.5,6,7,2,2,6,6,17,17
2cf,2,2.5,5,4,2.5,3,1,2,3,3.5,0,0,2,0.5,5,4,4,4,4,2,5,3,4,4.5,2,2,3,1.5,2,2.5,0,0,1.5,1.5,14,14
2cf,4,4,3,3.5,0,0,0,0,3,4,0,0.5,0,0,0,0,1.5,1.5,2,1,2,2,0,0,1.5,1.5,3,1.5,1,1,0,0,0,0,10,10
2cf,5,4,4.5,4,2,2,0,0,4,3.5,1,1,0,0,5,5,4,4,5,3,4,2,4,5,2,2,3,1.5,2,1,0,0,0,0,15,14
2cf,5,5,4.5,5,1.5,2,4,6,3,3,2,1.5,0,0,5,3,1.5,1.5,1,0,2,2,0,0,1.5,1.5,0,1.5,1,2.5,0,0,6,6,17,17
2cf,5,5,4,3.5,1.5,3,0,0,3.5,4,1,0,1,0,5,5,4,4,4,4,5,3.5,0,1.5,2,2,3,2.5,1,1,0,0,4.5,4.5,14,14
2cf,4.5,4.5,5,3.5,3,3,0,2,3.5,3.5,1,1,4,1.5,6,6,4,4,4,2,5,4,3,3.5,2,2,3,3,1,3,1,1,4.5,6,14,14
2cf,4,4,4,4,1,3,0,0,0,0,0,0,0,0,5,5,2.5,2.5,2,1,4,2.5,0,0,2,2,3,1.5,1,2,0,0,6,6,15,14
2cf,3.5,3.5,4,5,3,3,4,7,3.5,3.5,0,0.5,4,2,6,8,0,0,1,1,0,0.5,0,0,2,2,3,3,1,2,0,0,6,6,19,19
2cf,4,3,4,3.5,1,3,0,1,0,1.5,0,0,1,0,0,1,1.5,1.5,4,3,3,0.5,0,0,0.5,0.5,0,1.5,0,1,0,0,0,0,8,8
2cg,5,5,5,5,3,3,7,6,3,3.5,2,1,5,3,5,6,4,4,4,2,5,4.5,4,4,1.5,1.5,1.5,1.5,4,2,0,0,6,6,18,18
2cg,3,4,3,3.5,3,3,4,4,3,3.5,0,0,4,4,5,6,4,4,5,4,5,4,4,4,1.5,1.5,1.5,1.5,4,3,2,2,1.5,1.5,18,18
2cg,5,5,4,4,3,3,3,3,3,4,1,1,2,1,5,3,4,4,4,3,4,4,3,2.5,2,2,1.5,1.5,4,5,,0,6,6,12,12
2cg,4.5,4.5,5,5,3,3,5,6,4,4,1,0.5,4,2,6,7,4,4,5,4,4,3.5,5,5,2,2,3,3,5,4,0,0,6,6,18,18
2cg,4.5,4.5,5,5,3,3,3,3,3,3.5,0,0,2,1.5,3,5,2,2,3,3,2,2.5,0,0,2,2,1.5,1.5,0.5,1,,0,4.5,4.5,15,15
2cg,3,3.5,3.5,3.5,3,2,2,2,3.5,3.5,0,0,0,1.5,1,1,2,2,1,1,4,3,3,4.5,2,2,1.5,1.5,4,4,0,0.5,4.5,4.5,16,16
2cg,1.5,0.5,1,1,3,3,1,1,3,3.5,1,0.5,,0,2,3,2.5,1.5,1,1,1,1.5,,0,1.5,1.5,0,1.5,2,2,0,0,0,0,9,9
2cg,5,5,5,5,3,3,0,1,3.5,3.5,1,1,0,1.5,2,2,,0,,0,,0,,0,2,2,1.5,1.5,"",0,0,0.5,0,0,16,16
2cg,5,5,5,5,3,2,4,4,3,3,1,0.5,1,1,6,7,4,4,4,2,4,2.5,2,3.5,2,2,1.5,1.5,0,2,2,2,6,6,17,17
2cg,3.5,3.5,4,3,3,3,2,2,2.5,3,0,0,3,1.5,3,5,3.5,3,2,1,,0,,0,0.5,1,1.5,1.5,0,1,1,2,6,6,18,18
2cg,4.5,3,4,4.5,3,3,2,2,2.5,2.5,0,0,3,5,4,6,3,2.5,4,2,4,3,,0,2,2,3,3,4,3,1,1,6,6,18,18
2cg,5,5,3,4,2,2,2,2,3.5,3.5,1,0.5,4,2.5,2,3,4,4,4,4,2,1.5,3,4,2,2,3,3,1,2,1,1,6,6,15,15
2cg,5,5,4,5,3,3,0,1,2.5,3,0,0,2,1.5,6,7,3,3,5,5,5,4,1,2.5,2,2,1.5,1.5,6,7,2,2,3,3,18,18
2cg,5,5,4,5,3,3,3,1,3,3.5,0,0,4,2,6,8,3.5,3.5,5,3,4,2.5,0,0.5,3,2,3,3,4,5,2,2,6,6,14,14
2cg,4.5,4.5,4,5,3,2.5,,0,3,3,0,0,6,5,2,3,4,4,5,4,3,3,,0,2,2,3,3,"",0,,0,6,6,18,18
2cg,3.5,3.5,3,4,3,3,3,4,3.5,3.5,1,0.5,5,4.5,7,8,4,4,4,4,6,5.5,2,2,1.5,1.5,3,3,5,6,2,2,4.5,4.5,20,20
2de,1.5,1.5,0,0,0,0,0,0,0.5,1.5,0,0,0,0,2,0.5,0,0,1,1,0,1.5,0,0,0,0,0,0,0.5,0,0,0,0,0,7,7
2de,1,1,2,2,3,3,1,0,0,0.5,1,0.5,1,0,0,0,0,0,1,1,0,1,0,0,0.5,0.5,1.5,1.5,1.5,2,0,0,0,0,8,8
2de,4.5,4.5,5,5,2,1,4.5,5,4,3.5,1,0,2,2,5,4,4,4,3,2,2.5,3.5,2,3,2,2,2.5,1.5,1,1,0,0,3.5,3,19,19
2de,4.5,4.5,4,4,1,1.5,2,2,1.5,4,0,0,1,2,6,5,3.5,3.5,4.5,4,3.5,3,3,4,0.5,0.5,3,3,3,5,0,0,5.5,5.5,17,17
2de,3.5,3.5,1,0,2,2.5,0,0,2,2,0,0,5,4,8,8,4,4,3,5,4.5,6,1.5,3,1.5,1.5,1.5,1.5,4,4,1.5,1.5,5.5,6,14,14
2de,5,5,4.5,5,1.5,2,0,0,3.5,3.5,0,0,4,4,6,5,3.5,3.5,4,5,3,5,2,4.5,1.5,1.5,2.5,1.5,1,2,0,0,4,4.5,17,17
2de,0,0,0,0,1,0,0,0,0,2,1,0,1,1,0,0,1,1,0,2,0,0,0,0,1,0.5,0,0,0,0,0,0,0,0,6,6
2de,5,5,3.5,3.5,2.5,2.5,0.5,1,3.5,2,0,0,0,0,6,6,3,3.5,2.5,5,3,4.5,0,0,2,2,3,3,1,0,0,0,3.5,3,15,15
2de,4.5,4.5,3.5,3.5,2.5,2.5,0.5,0,3.5,3.5,1,2,0,0,4,5,0,0,0.5,1.5,0,1.5,0,0,2,2,3,3,3.5,3.5,0,0,2,1.5,5,5
2de,5,5,4.5,5,2.5,2.5,5.5,2,4,3,0,0,2,2.5,6,3,4,4,4,3.5,5.5,3,5,3.5,2,2,2.5,1.5,3,2,2,2,3,5,14,14
2de,4,4,4,4.5,3,3,0,0,3.5,3.5,0,0,1.5,4,7,5,2,4,0,1,0.5,2.5,0,0,1.5,1.5,2.5,1.5,2,1,0,0,2,2.5,18,18
2de,4,4,3,3.5,3,3,0.5,1.5,2.5,4,0,0,0,0,4,2,2.5,2.5,2,2,4,3.5,1,0,1.5,1,1.5,1.5,0,0.5,0,0,5,4.5,13,13
2de,5,5,3.5,4,1.5,2,0,1,2,2,0,0,1,1,3,3,0,0,1.5,1.5,0.5,1,0,0,0,0.5,3,1.5,2.5,3,0,0,4.5,4.5,12,12
2de,5,5,3,4,3,3,1,1,4,4,1,0,4.5,2,6,5,4,4,4,5,2.5,3.5,0,1,2,2,2.5,1.5,2.5,2,0,0,0,0,16,16
2de,4.5,4.5,4,4,3,3,0.5,2,4,3.5,0,0,1.5,3,8,5.5,4,4,2,2,2.5,2,0,0,2,2,2.5,1.5,5.5,2,0,1,4,4,16,16
2de,3,3,3.5,3,0,0.5,0,1.5,2.5,3,0,0,2,2.5,0,0,3,3,2,3.5,0.5,0.5,0,0,2,2,1.5,2,0,0,0,0,0,0,15,15
2df,4.5,5,4,5,3,3,6.5,5,3.5,2,1,1,5,5,6,6,3,2.5,2.5,1,3,3,2,3,2,2,2.5,3,3.5,3,0,0,5.5,6,17,17
2df,5,5,5,4.5,2.5,3,5,5,2.5,3,1,1,5.5,5,5,4,4,3.5,5,3,4.5,4,4,3,2,2,2.5,3,2,2,2,2,5,6,19,19
2df,5,5,5,4.5,3,3,2,0,4,4,1,1.5,4.5,4,7.5,6,4,4,4,3,6,6,2.5,2,2,2,3,3,2.5,1,0,0,4,4.5,18,18
2df,3,4,1,1,1,1,0.5,0,4,3.5,0,0,0,0,2,5,1.5,1,3,2,4,3,3,5,2,1.5,3,3,2,2,0,0,3,3,15,15
2df,5,5,3,3,3,3,0,0,4,4,0.5,0,3,3,6,5,3,4,2,2,3.5,4,2.5,3,2,2,3,3,2.5,1,0,0,5,6,17,17
2df,2.5,2.5,0,0,0.5,1.5,0,0,0.5,0,0,0,0,0,0,0,0,0,0,1,0.5,0,0,0,2,2,3,2,0.5,0,0,0,0,0,12,12
2df,5,5,3,3,2.5,3,2,0,3,2,1,0.5,2.5,2,6,4,2.5,2.5,2,2,1.5,2,0,0,2,2,1.5,1.5,0.5,1,1.5,2,5,6,15,15
2df,4.5,5,4.5,5,0,1.5,0,0,2.5,2,1,0,2,2,0,0,3,3.5,2,1,0,0,0,0,2,1.5,1.5,1.5,0.5,1,0,0,2,4.5,10,10
2df,5,5,5,5,3,3,5,2,4,3.5,1,1,2.5,2,7,6,3.5,3.5,2,2,4,4,0,0,2,1.5,3,3,6,5,1.5,2,5.5,6,18,18
2df,5,5,5,5,2.5,3,4,1,4,4,1,1,1.5,2,6,5,4,4,4,3,3,3,4.5,5,2,2,2.5,2,2.5,2,2,2,4,6,19,19
2df,4,2.5,1,1.5,1.5,1.5,1.5,1,2.5,3,1,0,3.5,4,6,5,2.5,2,0,1,2,3,2,2,0,1,1.5,2,4.5,2,0,0,2.5,4.5,14,14
2df,0.5,0,0,0,1.5,1.5,0,0,2,2,1,1,0,0,3,2,1.5,1.5,1,2,1.5,1,0,0,1.5,2,0.5,1,1,1,0,0,0,0,8,8
2df,4,4,3.5,4,0.5,1,0,0,2,2.5,1,0,1,2,4,6,3,3,2,2,2.5,5,0,0,1.5,2,2.5,3,2,2,0,0,4,4.5,14,14
2df,4,4,4,5,2.5,3,0.5,0,4,4,0,0,1.5,3,6.5,5,1,0.5,3.5,3,1,3,0,0,1.5,1.5,0,1.5,2.5,3,0,0,0,0,13,13
2df,5,5,4.5,4,2,1.5,0.5,0,4,4,0,0,6,6,4.5,5,3.5,3.5,1.5,1,3,5,4.5,5,2,2,2.5,3,3.5,4,0,0,0.5,3,11,11
2df,5,5,5,5,2.5,3,4.5,2,4,4,1.5,1,6,5,6,5,4,4,3.5,3,3,6,1,1,2,2,3,3,2.5,2,0,0,5.5,6,18,18
2dg,5,5,3,3.5,3,3,0,2,3.5,4,1,1,3,1.5,3,2.5,3.5,3.5,3,3,1,1,0,0,1,1,0,0,3,3.5,0,0,6,4,11,11
2dg,4,3.5,3,2,3,3,6,6.5,3.5,4,1,1,3,3,6,4,2,1.5,4,5,4,5,1,2,1.5,2,3,3,2,1,2,1.5,6,5,14,14
2dg,4,4,5,5,2,1.5,1,1,3,3.5,0,0,2,0,3,6,4,4,4,4,5,5,3,2,2,2,3,3,4,3.5,0,0,4.5,4,14,14
2dg,5,5,5,5,2.5,1.5,2,2.5,3,3.5,1,1,2,2.5,5,6,4,3.5,5,4,3,3,2,2,1.5,1.5,3,2.5,3,2.5,0,0,,0,13,13
2dg,4,4.5,5,5,3,2.5,5,5.5,3.5,4,0,0.5,6,5.5,1,1.5,3.5,3,5,5,5,4,5,3.5,2,2,2,3,4,5,0,0,4.5,3,17,17
2dg,3,3,0,0,2,1,0,0,0,0,0,0,0,0,0,0,0,0,0,0,0,0,0,0,0,0,0,0,0,0,0,0,0,0,8,7
2dg,4,4,4,4,3,2.5,1,0.5,3,3.5,1,0.5,4,4,5,6,4,4,5,4,2,3,,0,2,2,3,3,4,6,0,0,6,5.5,15,15
2dg,5,5,5,5,3,3,2,3,3.5,3.5,1,0.5,5,3,4,6,4,2,4,2.5,2,3,3,4,1.5,2,3,3,2,2,1,0.5,6,4,11,11
2dg,5,4.5,5,5,2,3,2,2,3.5,4,1,2,2,4,3,6,4,4,5,4.5,3,5,3,4,2,2,1.5,2.5,0,1.5,2,1.5,6,4.5,16,
2dg,4.5,5,5,5,3,3,5,4.5,3.5,3.5,1,0.5,0,0,5,5.5,3,3,5,4,4,3,5,4.5,1.5,2,3,3,0,0,2,2,6,5.5,18,18
2dg,1.5,1.5,0,0,3,0.5,1,0.5,0,0.5,1,0,1,0,3,1,0,0,4,0,0,0.5,0,0,0,0,3,0,0,0,0,0,0,0,11,11
2dg,3.5,4,3,4,3,3,2,1,3,3,1,1,0,0.5,4,4,3,3,3,5,2,3,2,3.5,2,2,1.5,1.5,3,3.5,1,0.5,6,5.5,13,13
2dg,5,5,3,3.5,3,3,0,0,3.5,3.5,2,2,4,2.5,3,3,4,4,4,4,1,2.5,3,1.5,2,2,1.5,2.5,3,3,1,1,4.5,4,16,16
2dg,3,2.5,3,3,3,3,0,0,4,4,1,1,0,0,5,6.5,1.5,0.5,3,2.5,1,1.5,0,0,2,2,1.5,0,0,0,0,0,3,1.5,12,12
2dg,5,5,5,5,3,3,6,6.5,2.5,3,2,2,4,5.5,8,7.5,4,4,5,5,6,6,5,5,2,2,1.5,2,7,6.5,2,2,6,6,20,20
2dg,4.5,4.5,5,4.5,3,3,1,3.5,1.5,1,0,0,0,0,3,2,2.5,2.5,2,1.5,1,0.5,0,0,1.5,1.5,1.5,0.5,2,0.5,0,0,0,0,11,11
2ef,5,5,3.5,4,2,3,6,4,3.5,3.5,2,1.5,5,4,7,4,3.5,2.5,3,3.5,6,5,4,4,2,2,3,3,3,3,0,1,6,6,19,19
2ef,4,4,3.5,3,2,3,6,4,3,2,1,0,4,2,6,3,2.5,2,3,4,4,3,3,3.5,2,2,3,1.5,3,2.5,1,0,4.5,4.5,19,18
2ef,5,5,4,2.5,1.5,2,0,0,4,3,1,0,0,0,7,4,3,3,3,4.5,4,3,0,1,1.5,1.5,3,3,0,1.5,0,0,0,0,16,16
2ef,3.5,4,4,5,1.5,1.5,5,5.5,3,3,0,0,5,3,6,5,2.5,4,3,3,4,4,4,4,2,2,3,2,3,5,0,0,3,3,16,16
2ef,5,5,4,3,1.5,2.5,0,0.5,3,3,0,0,0,1,0,0,3,2.5,2,3.5,0,1,0,0,2,2,1.5,3,0,1,0,0,3,3,12,12
2ef,5,5,5,5,3,3,5,2,3.5,4,0,0,4,0,5,7,4,4,5,5,6,4.5,5,4,2,2,3,3,5,5.5,1,2,6,6,19,19
2ef,2.5,3,0,0.5,1.5,3,0,0,0,1.5,0,0,0,0,0,0,0,0,1,3,0,0.5,0,0,1.5,1.5,1.5,1.5,0,0,0,0,0,0,14,13
2ef,5,5,4.5,3,1.5,3,0,1,4,3,1,0,2,3,5,3.5,4,3.5,3,4,5,3.5,4,3.5,2,2,3,3,0,0,0,1,6,6,18,18
2ef,4,4,4,3.5,3,3,7,5,4,3,0.5,0,4,2.5,5,5,3.5,3.5,2,3,4,2,4,3,1.5,1.5,3,1.5,0,3,0,0,6,5,16,16
2ef,5,5,5,5,3,3,0,1,4,4,0.5,0,4,2,5,6,3.5,3.5,2,2.5,2,2.5,1,4,2,2,3,2,3,2,2,2,6,5,15,16
2ef,5,5,4,4.5,1.5,3,2,4.5,3,3,1,1,2,3,5,3,1.5,1.5,1,4,2,0,0,0,1.5,2,1.5,1.5,0,2,0,0,6,6,14,16
2ef,5,5,5,5,1.5,3,3,5,3.5,3.5,0,0,2,2.5,7,6,3,3,5,4,4,3,3,2,2,1.5,2,1.5,4,4,2,2,6,6,12,12
2ef,5,5,4,3.5,3,3,0,0,4,4,0,0,2,2,5,3,4,4,4,4,4,4,2,1.5,2,2,3,1.5,2,3,0,0,6,3,12,13
2ef,5,5,5,5,3,3,6,5.5,4,3,1.5,1,5,4.5,6,6,4,3.5,3,3,5,4,2,2,2,2,3,1.5,6,5.5,2,2,6,5.5,19,19
2ef,4.5,5,4,3,1.5,2,0,1,3,2.5,0.5,0,3,1.5,0,0.5,0,0,2,3,0,2.5,0,0,2,2,3,1.5,3,2,0,0,0,1,15,14
2ef,3.5,4.5,3,3,1,1.5,0,2,2,2,0,0,0,0,2,1,0,0,1,5,0,0,0,0,2,1.5,3,1.5,0,0,0,0,0,0,7,6
2eg,5,5,5,5,3,2,7,6,3.5,3,2,1,5,4.5,7,6,4,4,4,5,6,6,5,4.5,2,2,3,3,4,4,2,2,6,6,20,20
2eg,4.5,5,4,5,3,3,3,4,3,3,0,0,4,3.5,4,5,4,3.5,3,4,3,4.5,2,3,1.5,1.5,1.5,1.5,2,3,0,1,3,3,16,17
2eg,2.5,2.5,1,0,1,0,0,0,2,3.5,,0,0,1.5,0,0,0.5,0,2,0,1,1,,0,1.5,1.5,1.5,1.5,0,0,0,0,,0,9,9
2eg,4.5,4.5,4,5,3,2.5,5,7,3,3,1,1,4,4,6,6,4,3.5,4,4,3,4,3,4.5,1.5,2,1.5,2,5,5,0,1,6,6,17,16
2eg,4.5,4.5,3,3.5,2,2,1,0,0,2,,0,1,0,1,0,0,0,2,2,1,1.5,,0,2,2,1.5,1.5,1,3.5,,0,1.5,0,12,12
2eg,0,0,0,0,0,0,0,0,0,0,0,0,0,0,0,0,0,0,0,0,0,0,0,0,0,0,0,0,0,0,0,0,0,0,0,0
2eg,3,3.5,2,1.5,2,2,0,0,3.5,2.5,0,0,4,0,,6,4,3.5,1,2,2,1.5,0,1,2,2,1.5,2,2,2,0,0,3,0,14,14
2eg,2.5,3,0,0,2,2,0,0,2,2,0,0,0,0,0,0,0,0,0,0,0,0,0,0,0,0,0,0,0,0,0,0,4.5,5,8,9
2eg,5,5,5,5,3,3,4,6,3.5,3,1,0,1,2,4,6,1.5,3,4,5,3,4,3,4,2,2,0,0,3,3.5,2,2,4.5,4.5,17,19
2eg,5,5,5,4.5,3,3,3,2,2,2.5,1,0,0,1,2,1,4,3.5,4,5,2,2.5,3,2.5,2,2,1.5,1.5,3,2.5,2,2,6,6,14,14
2eg,5,5,3,4,3,2.5,0,1.5,3.5,3,1,0,4,1.5,5,3,0.5,0.5,2,3,0,0,0,0,2,2,1.5,1.5,2,2.5,0,0,6,6,16,17
2eg,4,4,2,2.5,3,2,1,0,4,3.5,1,0,1,1,3,3,4,3,4,4,2,2,0,0,2,2,3,1.5,1,4,0,0,6,4.5,14,14
2eg,0.5,0,1,0,2,1.5,2,1.5,2.5,2.5,0,0,0,1,2,0.5,1.5,1,4,3,1,1.5,0,0,2,2,1.5,1.5,4,3,2,2,6,6,12,13
2eg,4.5,4.5,2,2,3,3,3,1.5,3.5,2,0,0,0,0,4,3,3,3,3,5,2,3,1,3.5,1.5,1.5,1,1.5,2,3.5,0,0,0,0,12,12
2eg,5,5,5,5,3,2.5,4,5.5,2.5,2.5,0,0,5,3.5,5,7,4,3.5,2,3.5,4,5,3,4,2,2,1.5,2,5,2.5,0,0,4.5,2,16,17
2eg,3.5,2.5,1.5,2,3,3,0,0,0,1,1,1,1,0.5,3,2,1.5,1,3,5,2,3,1,2.5,1.5,1.5,3,1.5,2,3,0,1,4.5,4.5,16,16
2fg,2,2.5,3,4,3,3,4,4,2,3,0,0,4,5,6,3,1.5,1.5,3,4,4,3,2,1,1,1,2,3,0,3,0,0,3,3,16,16
2fg,4.5,4.5,5,4.5,3,3,7,6,3.5,3.5,1,2,5,6,6,5,4,4,2,4,5,5,5,5,2,2,3,3,4,6,2,2,6,6,19,18
2fg,5,5,2,2,1.5,2,0,0,3.5,3,0,1,0,0,0,0,1.5,1.5,0,2,1,1,0,0,1.5,1.5,3,1.5,1,1,0,0,0,0,10,10
2fg,3,2,0,0,1,2,0,0,2,1.5,0,0,0,0,0,0,0,0,0,0,0,0,0,0,1.5,1.5,1.5,1.5,0,0,0,0,0,0,11,11
2fg,2,2,2.5,3,1.5,2,0,1,1,1.5,0,1,0,0,3,3,0,0,1,3,2,1,0,0,2,2,1.5,1.5,2,2,0,0,6,6,9,9
2fg,4.5,4.5,5,3,3,3,3,2,3.5,3.5,0.5,1,3,3,6,5,4,4,2,3,3,3,3,2,2,2,3,1.5,1,2,0,0,6,6,15,15
2fg,4.5,4.5,4.5,5,1.5,3,0,0,2.5,2,0,0,0,0,5,6,4,4,1,2,4,4,1,0,1.5,1.5,3,1.5,0,1,0,0,0,0,11,11
2fg,4.5,4,5,5,1.5,2,0,0,0,0,0,0,0,0,3,2,3.5,3.5,1,3,2,3,3,2,1.5,1,0,0,1,0,0,0,4.5,4.5,17,15
2fg,4,5,5,4,1.5,3,6,7,4,3.5,1,1,3,4,8,7,3.5,4,4,5,5,4,5,5,2,2,3,3,2,5,2,2,6,6,20,20
2fg,5,5,5,4,3,3,4,2,4,3,0,1,1,1,5,6,2.5,2.5,5,5,2,2,2,1,2,2,3,1.5,1,3,0,0,4.5,4.5,18,18
2fg,4,4,4,3,1.5,2,0,0,4,3,0,1,0,0,2,0,0,0,0,1,1,0,0,0,0.5,0.5,1.5,1.5,1,0,0,0,4.5,3,9,8
2fg,5,5,4,3,3,3,0,0,4,2.5,1,1,2,2,5,5,4,4,5,5,5,4,4,2,2,2,3,1.5,2,5,1,1,6,6,13,13
2fg,5,5,4.5,3,3,3,0,0,4,4,0,0,2,4,3,2,3.5,4,0,2,4,2,0,0,2,2,3,1.5,2,2,0,0,4.5,4.5,12,13
2fg,5,5,5,3.5,1.5,3,0,1,2,0,1,1,2,3,4,5,1,1.5,1,3,3,1,0,0,1.5,1.5,3,1.5,2,2,0,0,6,6,12,12
2fg,4,4,5,3.5,0,2,0,0,1,1,0,1,0,0,4,3,3,3,0,2,4,2,0,0,2,1.5,2,3,1,3,0,0,0,0,15,15
2fg,5,5,4.5,5,1.5,2,3,4,4,3.5,1,1,5,6,6,5,4,4,3,5,6,4,5,5,2,2,3,1.5,3,5,1,1,6,6,18,18
